{
    "format_version": "1.8.0",
    "render_controllers": {
        "controller.render.npc_custom": {
            "arrays": {
                "geometries": {
                    "Array.geos": ["Geometry.geo1", "Geometry.geo2", "Geometry.geo2", "Geometry.geo2", "Geometry.geo2", "Geometry.geo2"]
                },
                "textures": {
                    "Array.skins": ["Texture.skin0", "Texture.skin1", "Texture.skin2", "Texture.skin3", "Texture.skin4", "Texture.skin5"]
                }
            },
            "geometry": "Array.geos[query.variant]",
            "materials": [{
                "*": "Material.default"
            }],
            "textures": ["Array.skins[query.variant]"]
        }
    }
}