{
    "format_version": "1.8.0",
    "render_controllers": {
        "controller.render.number": {
            "arrays": {
                "textures": {
                    "Array.skins": ["Texture.zero", "Texture.one", "Texture.two", "Texture.three", "Texture.four", "Texture.five", "Texture.six", "Texture.seven", "Texture.eight", "Texture.nine", "Texture.off"]
                }
            },
            "geometry": "Geometry.default",
            "materials": [{
                "*": "Material.default"
            }],
            "textures": ["Array.skins[query.variant]"]
        }
    }
}