{
	"format_version": "1.8.0",
	"animations": {
		"animation.muneca.voltear": {
			"loop": "hold_on_last_frame",
			"animation_length": 20,
			"bones": {
				"root": {
					"rotation": {
						"0.0": [0, 0, 0],
						"2.0": [0, 180, 0],
						"3.0": [0, 180, 0],
						"20.0": [0, 180, 0]
					}
				},
				"leftArm": {
					"rotation": {
						"2.0": [0, 0, 0],
						"3.0": [-135, 0, 0]
					}
				},
				"normal2": {
					"rotation": {
						"2.52": [0, 0, 0],
						"3.0": [0, 0, 50]
					}
				}
			}
		},
		"animation.muneca.regresar": {
			"loop": "hold_on_last_frame",
			"animation_length": 10,
			"bones": {
				"root": {
					"rotation": {
						"0.0": [0, 180, 0],
						"2.0": [0, -2.5, 0],
						"10.0": [0, -2.5, 0]
					}
				},
				"leftArm": {
					"rotation": {
						"0.0": [-135, 0, 0],
						"1.0": [0, 0, 0]
					}
				},
				"normal2": {
					"rotation": {
						"0.0": [0, 0, 50],
						"0.52": [0, 0, 0]
					}
				}
			}
		},
		"animation.muneca.observar": {
			"loop": "hold_on_last_frame",
			"animation_length": 20,
			"bones": {
				"root": {
					"rotation": {
						"0.0": [0, 180, 0],
						"6.56": [0, 180, 0],
						"20.0": [0, 180, 0]
					}
				},
				"head": {
					"rotation": {
						"0.0": [0, 0, 0],
						"0.52": [0, -180, 0],
						"6.24": [0, -180, 0],
						"6.56": [0, 0, 0]
					}
				},
				"leftArm": {
					"rotation": [-135, 0, 0]
				},
				"normal2": {
					"rotation": [0, 0, 50]
				},
				"eye1": {
					"position": {
						"1.0": [0, 0, 0],
						"1.24": [-0.3, 0, 0],
						"1.44": [0.3, 0, 0],
						"1.64": [0, 0, 0],
						"1.84": [0, 0.3, 0],
						"2.04": [0, -0.3, 0],
						"2.2": [0, 0, 0],
						"2.36": [0, 0, 0],
						"2.6": [-0.3, 0, 0],
						"2.8": [0.3, 0, 0],
						"3.0": [0, 0, 0],
						"3.2": [0, 0.3, 0],
						"3.4": [0, -0.3, 0],
						"3.56": [0, 0, 0],
						"3.68": [0, 0, 0],
						"3.92": [-0.3, 0, 0],
						"4.12": [0.3, 0, 0],
						"4.32": [0, 0, 0],
						"4.52": [0, 0.3, 0],
						"4.72": [0, -0.3, 0],
						"4.88": [0, 0, 0],
						"4.96": [0, 0, 0],
						"5.2": [-0.3, 0, 0],
						"5.4": [0.3, 0, 0],
						"5.6": [0, 0, 0],
						"5.8": [0, 0.3, 0],
						"6.0": [0, -0.3, 0],
						"6.16": [0, 0, 0]
					}
				},
				"eye2": {
					"position": {
						"1.0": [0, 0, 0],
						"1.24": [-0.3, 0, 0],
						"1.44": [0.3, 0, 0],
						"1.64": [0, 0, 0],
						"1.84": [0, 0.3, 0],
						"2.04": [0, -0.3, 0],
						"2.2": [0, 0, 0],
						"2.36": [0, 0, 0],
						"2.6": [-0.3, 0, 0],
						"2.8": [0.3, 0, 0],
						"3.0": [0, 0, 0],
						"3.2": [0, 0.3, 0],
						"3.4": [0, -0.3, 0],
						"3.56": [0, 0, 0],
						"3.68": [0, 0, 0],
						"3.92": [-0.3, 0, 0],
						"4.12": [0.3, 0, 0],
						"4.32": [0, 0, 0],
						"4.52": [0, 0.3, 0],
						"4.72": [0, -0.3, 0],
						"4.88": [0, 0, 0],
						"4.96": [0, 0, 0],
						"5.2": [-0.3, 0, 0],
						"5.4": [0.3, 0, 0],
						"5.6": [0, 0, 0],
						"5.8": [0, 0.3, 0],
						"6.0": [0, -0.3, 0],
						"6.16": [0, 0, 0]
					}
				}
			}
		}
	}
}