{
    "format_version": "1.10.0",
    "minecraft:client_entity": {
        "description": {
            "identifier": "sg:doll_count8",
            "materials": {
                "default": "zombie"
            },
            "textures": {
                "default": "textures/entities/cherifier"
            },
            "geometry": {
                "default": "geometry.cherifier_talikod"
            },
            "animations": {
                "walk": "animation.small_specimen.move",
                "cooldown": "animation.small_specimen.move",
                "move": "controller.animation.lol.move"
            },
            "scripts": {
                "animate": [
                              {"m": "query.variant == 1"},
                    "move"
                ],
                "pre_animation": [
                    "variable.attack = Math.sin(variable.attack_time * 30.0);"
                ]
            },
            "render_controllers": [
                "controller.render.default"
            ],
			"spawn_egg": {
        "texture": "small_specimen",
        "texture_index": 2
            }
        }
    }
}