{
    "format_version": "1.10.0",
    "animation_controllers": {
        "controller.animation.dead": {
            "initial_state": "default",
            "states": {
                "default": {
                    "transitions": [{
                        "dead": "!query.is_alive"
                    }]
                },
                "dead": {
                    "transitions": [{
                        "default": "query.is_alive && query.all_animations_finished"
                    }],
                    "on_entry": ["/playsound random.shoot @a", "/summon add:dead", "/setblock ~ 12 ~ add:map_6", "/function others/shoot"]
                }
            }
        }
    }
}