{
    "format_version": "1.10.0",
    "animation_controllers": {
        "controller.animation.move": {
            "initial_state": "default",
            "states": {
                "default": {
                    "transitions": [{
                        "move": "query.is_moving"
                    }]
                },
                "move": {
                    "on_entry": ["/scoreboard players set @s move 1"],
                    "transitions": [{
                        "default": "!query.is_moving"
                    }]
                }
            }
        },
        "controller.animation.no_move": {
            "initial_state": "default",
            "states": {
                "default": {
                    "transitions": [{
                        "no_move": "!query.is_moving"
                    }]
                },
                "no_move": {
                    "on_entry": ["/scoreboard players set @s move 0"],
                    "transitions": [{
                        "default": "query.is_moving"
                    }]
                }
            }
        }
    }
}