{
    "format_version": "1.10.0",
    "animation_controllers": {
        "controller.animation.sneaking": {
            "initial_state": "default",
            "states": {
                "default": {
                    "transitions": [{
                        "sneaking": "query.is_sneaking"
                    }]
                },
                "sneaking": {
                    "on_entry": ["/scoreboard players set @s sneaking 1"],
                    "transitions": [{
                        "default": "!query.is_sneaking"
                    }]
                }
            }
        },
        "controller.animation.no_sneaking": {
            "initial_state": "default",
            "states": {
                "default": {
                    "transitions": [{
                        "no_sneaking": "!query.is_sneaking"
                    }]
                },
                "no_sneaking": {
                    "on_entry": ["/scoreboard players set @s sneaking 0"],
                    "transitions": [{
                        "default": "query.is_sneaking"
                    }]
                }
            }
        }
    }
}