{
    "resource_pack_name": "vanilla",
    "texture_name": "atlas.items",
    "texture_data": {
        "doll": {
            "textures": ["textures/items/doll"]
        },
        "number": {
            "textures": "textures/items/number"
        },
        "costume": {
            "textures": "textures/items/costume"
        },
        "dead": {
            "textures": "textures/items/dead"
        },
        "lobby": {
            "textures": "textures/items/lobby"
        }
    }
}