{
    "resource_pack_name": "vanilla",
    "texture_name": "atlas.terrain",
    "padding": 8,
    "num_mip_levels": 4,
    "texture_data": {
        "map_0": {
            "textures": "textures/blocks/map_0"
        },
        "map_1": {
            "textures": "textures/blocks/map_1"
        },
        "map_2": {
            "textures": "textures/blocks/map_2"
        },
        "map_3": {
            "textures": "textures/blocks/map_3"
        },
        "map_4": {
            "textures": "textures/blocks/map_4"
        },
        "map_5": {
            "textures": "textures/blocks/map_5"
        },
        "map_6": {
            "textures": "textures/blocks/map_6"
        },
        "map_7": {
            "textures": "textures/blocks/map_7"
        },
        "map_8": {
            "textures": "textures/blocks/map_8"
        }
    }
}