{
    "format_version": "1.16.100",
    "minecraft:entity": {
        "description": {
            "identifier": "add:doll",
            "is_spawnable": false,
            "is_summonable": false,
            "is_experimental": false,
            "runtime_identifier": "minecraft:ender_dragon"
        },
        "component_groups": {
            "despawn": {
                "minecraft:instant_despawn": {}
            }
        },
        "components": {
            "minecraft:health": {
                "value": 1,
                "max": 1,
                "min": 1
            },
            "minecraft:damage_sensor": {
                "triggers": {
                    "cause": "all",
                    "deals_damage": false
                }
            },
            "minecraft:scale": {
                "value": 1.6
            },
            "minecraft:type_family": {
                "family": ["npc"]
            },
            "minecraft:fire_immune": true,
            "minecraft:movement": {
                "value": 0.0
            },
            "minecraft:loot": {
                "table": "loot_tables/empty.json"
            },
            "minecraft:collision_box": {
                "width": 0.6,
                "height": 0.5
            },
            "minecraft:pushable": {
                "is_pushable": false,
                "is_pushable_by_piston": false
            },
            "minecraft:nameable": {
                "always_show": false,
                "allow_name_tag_renaming": false
            },
            "minecraft:physics": {},
            "minecraft:interact": {
                "interactions": [{
                    "on_interact": {
                        "filters": {
                            "all_of": [{
                                "test": "is_family",
                                "subject": "other",
                                "value": "player"
                            }, {
                                "test": "has_equipment",
                                "domain": "hand",
                                "subject": "other",
                                "value": "barrier"
                            }]
                        },
                        "event": "despawn"
                    },
                    "play_sounds": "hurt",
                    "interact_text": "Kill"
                }]
            }
        },
        "events": {
            "despawn": {
                "add": {
                    "component_groups": ["despawn"]
                }
            }
        }
    }
}