{
    "format_version": "1.16.100",
    "minecraft:entity": {
        "description": {
            "identifier": "add:number",
            "is_spawnable": false,
            "is_summonable": false,
            "is_experimental": false,
            "runtime_identifier": "minecraft:ender_dragon"
        },
        "component_groups": {
            "zero": {
                "minecraft:variant": {
                    "value": 0
                }
            },
            "one": {
                "minecraft:variant": {
                    "value": 1
                }
            },
            "two": {
                "minecraft:variant": {
                    "value": 2
                }
            },
            "three": {
                "minecraft:variant": {
                    "value": 3
                }
            },
            "four": {
                "minecraft:variant": {
                    "value": 4
                }
            },
            "five": {
                "minecraft:variant": {
                    "value": 5
                }
            },
            "six": {
                "minecraft:variant": {
                    "value": 6
                }
            },
            "seven": {
                "minecraft:variant": {
                    "value": 7
                }
            },
            "eight": {
                "minecraft:variant": {
                    "value": 8
                }
            },
            "nine": {
                "minecraft:variant": {
                    "value": 9
                }
            },
            "off": {
                "minecraft:variant": {
                    "value": 10
                }
            },
            "despawn": {
                "minecraft:instant_despawn": {}
            }
        },
        "components": {
            "minecraft:scale": {
                "value": 0.5
            },
            "minecraft:type_family": {
                "family": ["number"]
            },
            "minecraft:health": {
                "value": 1,
                "max": 1,
                "min": 1
            },
            "minecraft:fire_immune": true,
            "minecraft:movement": {
                "value": 0.0
            },
            "minecraft:loot": {
                "table": "loot_tables/empty.json"
            },
            "minecraft:collision_box": {
                "width": 0.1,
                "height": 0.1
            },
            "minecraft:pushable": {
                "is_pushable": false,
                "is_pushable_by_piston": false
            },
            "minecraft:nameable": {
                "always_show": false,
                "allow_name_tag_renaming": false
            },
            "minecraft:physics": {},
            "minecraft:damage_sensor": {
                "triggers": {
                    "cause": "all",
                    "deals_damage": false
                }
            },
            "minecraft:interact": {
                "interactions": [{
                    "on_interact": {
                        "filters": {
                            "all_of": [{
                                "test": "is_family",
                                "subject": "other",
                                "value": "player"
                            }, {
                                "test": "has_equipment",
                                "domain": "hand",
                                "subject": "other",
                                "value": "barrier"
                            }]
                        },
                        "event": "despawn"
                    },
                    "play_sounds": "hurt",
                    "interact_text": "Kill"
                }]
            }
        },
        "events": {
            "minecraft:entity_spawned": {
                "add": {
                    "component_groups": ["off"]
                }
            },
            "despawn": {
                "add": {
                    "component_groups": ["despawn"]
                }
            },
            "variant0": {
                "add": {
                    "component_groups": ["zero"]
                }
            },
            "variant1": {
                "add": {
                    "component_groups": ["one"]
                }
            },
            "variant2": {
                "add": {
                    "component_groups": ["two"]
                }
            },
            "variant3": {
                "add": {
                    "component_groups": ["three"]
                }
            },
            "variant4": {
                "add": {
                    "component_groups": ["four"]
                }
            },
            "variant5": {
                "add": {
                    "component_groups": ["five"]
                }
            },
            "variant6": {
                "add": {
                    "component_groups": ["six"]
                }
            },
            "variant7": {
                "add": {
                    "component_groups": ["seven"]
                }
            },
            "variant8": {
                "add": {
                    "component_groups": ["eight"]
                }
            },
            "variant9": {
                "add": {
                    "component_groups": ["nine"]
                }
            },
            "variant10": {
                "add": {
                    "component_groups": ["off"]
                }
            }
        }
    }
}