{
    "format_version": "1.10.0",
    "minecraft:client_entity": {
        "description": {
            "identifier": "add:credits",
            "materials": {
                "default": "entity_emissive_alpha"
            },
            "textures": {
                "default": "textures/entity/credits"
            },
            "geometry": {
                "default": "geometry.credits"
            },
            "render_controllers": ["controller.render.credits"],
            "spawn_egg": {
                "base_color": "#363636",
                "overlay_color": "#1C1C1C"
            }
        }
    }
}