{
    "format_version": "1.10.0",
    "minecraft:client_entity": {
        "description": {
            "identifier": "add:dead",
            "materials": {
                "default": "entity_alphatest"
            },
            "textures": {
                "default": "textures/entity/npc/dead"
            },
            "geometry": {
                "default": "geometry.dead"
            },
            "render_controllers": ["controller.render.dead"],
            "spawn_egg": {
                "texture": "dead",
                "texture_index": 0
            }
        }
    }
}