{
    "format_version": "1.10.0",
    "minecraft:client_entity": {
        "description": {
            "identifier": "add:doll",
            "materials": {
                "default": "entity_alphatest"
            },
            "textures": {
                "default": "textures/entity/doll/doll"
            },
            "geometry": {
                "default": "geometry.doll"
            },
            "render_controllers": ["controller.render.doll"],
            "spawn_egg": {
                "texture": "doll",
                "texture_index": 0
            }
        }
    }
}