{
    "format_version": "1.10.0",
    "minecraft:client_entity": {
        "description": {
            "identifier": "cmc:npc",
            "materials": {
                "default": "entity_alphatest",
                "cape": "entity_alphatest"
            },
            "textures": {
                "skin0": "textures/entity/npc/andiuber",
                "skin1": "textures/entity/npc/omar",
                "skin2": "textures/entity/npc/In_Ho_front_man",
                "skin3": "textures/entity/npc/Soldier_Guard_1",
                "skin4": "textures/entity/npc/Soldier_Guard_2",
                "skin5": "textures/entity/npc/Soldier_Guard_3",
                "cape": "textures/entity/cape/Pancape_Cape"
            },
            "geometry": {
                "geo1": "geometry.humanoid.custom",
                "geo2": "geometry.humanoid.customSlim",
                "cape": "geometry.cape"
            },
            "scripts": {
                "animate": ["cape", "bob", "look_at_target"]
            },
            "animations": {
                "cape": "animation.cape.move",
                "bob": "animation.player.bob",
                "look_at_target": "animation.humanoid.look_at_target.default"
            },
            "render_controllers": ["controller.render.npc_custom", "controller.render.cape"],
            "spawn_egg": {
                "texture": "spawn_egg",
                "texture_index": 35
            },
            "enable_attachables": true
        }
    }
}