{
    "format_version": "1.16.100",
    "minecraft:client_entity": {
        "description": {
            "identifier": "add:number",
            "materials": {
                "default": "entity_emissive_alpha"
            },
            "textures": {
                "zero": "textures/entity/number/zero",
                "one": "textures/entity/number/one",
                "two": "textures/entity/number/two",
                "three": "textures/entity/number/three",
                "four": "textures/entity/number/four",
                "five": "textures/entity/number/five",
                "six": "textures/entity/number/six",
                "seven": "textures/entity/number/seven",
                "eight": "textures/entity/number/eight",
                "nine": "textures/entity/number/nine",
                "off": "textures/entity/number/off"
            },
            "geometry": {
                "default": "geometry.number"
            },
            "render_controllers": ["controller.render.number"],
            "spawn_egg": {
                "texture": "number",
                "texture_index": 0
            }
        }
    }
}