{
    "format_version": "1.10.0",
    "minecraft:client_entity": {
        "description": {
            "identifier": "add:piggy_bank",
            "materials": {
                "default": "entity_alphablend"
            },
            "textures": {
                "default": "textures/entity/piggy_bank"
            },
            "geometry": {
                "default": "geometry.piggy_bank"
            },
            "render_controllers": ["controller.render.piggy_bank"],
            "spawn_egg": {
                "texture": "spawn_egg",
                "texture_index": 2
            }
        }
    }
}