{
    "format_version": "1.10.0",
    "minecraft:client_entity": {
        "description": {
            "identifier": "add:soldier",
            "materials": {
                "default": "entity_alphatest"
            },
            "textures": {
                "default": "textures/entity/npc/Soldier_Guard_3"
            },
            "geometry": {
                "default": "geometry.humanoid.soldier"
            },
            "scripts": {
                "animate": ["bob"]
            },
            "animations": {
                "bob": "animation.player.bob"
            },
            "render_controllers": ["controller.render.soldier"],
            "spawn_egg": {
                "texture": "spawn_egg",
                "texture_index": 35
            },
            "enable_attachables": true
        }
    }
}