{
    "black_conditional_image": {
        "type": "image",
        "texture": "textures/ui/Black",
        "size": [1920, 512],
        "alpha": "@anim_size0",
        "uv": [0, 0],
        "layer": 50,
        "fill": true,
        "keep_ratio": true,
        "bindings": [{
            "binding_name": "#hud_title_text_string"
        }, {
            "binding_type": "view",
            "source_property_name": "(#hud_title_text_string = '§r')",
            "target_property_name": "#visible"
        }]
    },
    "black_conditional_image_factory": {
        "type": "panel",
        "factory": {
            "name": "hud_title_text_factory",
            "control_ids": {
                "hud_title_text": "black_conditional_image@hud.black_conditional_image"
            }
        }
    },
    "root_panel": {
        "modifications": [{
            "array_name": "controls",
            "operation": "insert_front",
            "value": {
                "black_conditional_image_factory@hud.black_conditional_image_factory": {}
            }
        }]
    },
    "anim_size0": {
        "anim_type": "alpha",
        "easing": "out_circ",
        "from": 0,
        "to": 1.0,
        "duration": 4,
        "next": "@anim_wait"
    },
    "anim_wait": {
        "anim_type": "wait",
        "duration": 0.05,
        "next": "@anim_size1"
    },
    "anim_size1": {
        "anim_type": "alpha",
        "easing": "out_circ",
        "from": 1.0,
        "to": 0.0,
        "duration": 4
    }
}