{
    	"specimen": {
        		"category": "neutral",
        		"max_distance": 60.0,
        		"sounds": [
            			"sounds/idle1",
            			"sounds/idle2",
            			"sounds/idle3",
            			"sounds/idle4",
            			"sounds/idle5"
        ]
    },
    "chant": {
        "category": "neutral",
        		"max_distance": 500,
        "sounds": [
            "sounds/chant"
        ]
    },
    "hit": {
        "category": "neutral",
        		"max_distance": 100,
        "sounds": [
            "sounds/damage/hit1"
       ]
    },
    "chant_fast": {
        "category": "neutral",
        		"max_distance": 100,
        "sounds": [
            "sounds/chant_fast"
       ]
    },
    "chant_faster": {
        "category": "neutral",
        		"max_distance": 100,
        "sounds": [
            "sounds/chant_faster"
        ]
    },
    "open": {
        "category": "neutral",
        "sounds": [
            "sounds/open"
        ]
    },
    "small_attack": {
        "category": "neutral",
        "sounds": [
            "sounds/small/attack"
        ]
    },
    "idle": {
        "category": "neutral",
        "sounds": [
            "sounds/small/idle"
        ]
    },
    "move": {
        "category": "neutral",
        "sounds": [
            "sounds/small/move"
        ]
    },
    "attack": {
        "category": "neutral",
        "sounds": [
            "sounds/attack"
        ]
    },
    "shoot": {
        "category": "neutral",
        "sounds": [
            "sounds/shoot"
        ]
    },
    "reload": {
        "category": "neutral",
        "sounds": [
            "sounds/reload"
        ]
    },
    "zombies": {
        "category": "hostile",
        "max_distance": 100.0,
        "sounds": [
            "sounds/mob/zombie/zombies"
        ]
    },
    "metal.hurt": {
        "category": "neutral",
        "max_distance": 100.0,
        "sounds": [
            "sounds/mob/zombie/hit"
        ]
    },
    "ready_set_plant": {
        "category": "neutral",
        "max_distance": 100.0,
        "sounds": [
            "sounds/ready_set_plant"
        ]
    },
    "grasswalk": {
        "category": "neutral",
        "max_distance": 200.0,
        "sounds": [
            "sounds/grasswalk"
        ]
    },
    "menu": {
        "category": "neutral",
        "max_distance": 200.0,
        "sounds": [
            "sounds/mainmenu"
        ]
    },
    "pool": {
        "category": "neutral",
        "max_distance": 200.0,
        "sounds": [
            "sounds/pool"
        ]
    },
    "roof": {
        "category": "neutral",
        "max_distance": 200.0,
        "sounds": [
            "sounds/roof"
        ]
    },
    "night": {
        "category": "neutral",
        "max_distance": 200.0,
        "sounds": [
            "sounds/pvz/night"
        ]
    },
    "crazydave": {
        "category": "neutral",
        "max_distance": 100.0,
        "sounds": [
            "sounds/crazydave"
        ]
    },
    "crazy_dave": {
        "category": "neutral",
        "sounds": [
            "sounds/crazy_dave"
        ]
    },
    "tangle_kelp": {
        "category": "neutral",
        "sounds": [
            "sounds/mob/tangle_kelp/attack"
        ]
    },
    "gameover": {
        "category": "neutral",
        "sounds": [
            "sounds/losemusic"
        ]
    },
    "plant": {
        "category": "neutral",
        "sounds": [
            "sounds/plant"
        ]
        	
    }
}
