{
    "random.zero_es": {
        "category": "music",
        "sounds": ["sounds/random/zero_es"]
    },
    "random.zero_co": {
        "category": "music",
        "sounds": ["sounds/random/zero_co"]
    },
    "random.one_es": {
        "category": "music",
        "sounds": ["sounds/random/one_es"]
    },
    "random.one_co": {
        "category": "music",
        "sounds": ["sounds/random/one_co"]
    },
    "random.two_es": {
        "category": "music",
        "sounds": ["sounds/random/two_es"]
    },
    "random.two_co": {
        "category": "music",
        "sounds": ["sounds/random/two_co"]
    },
    "random.three_es": {
        "category": "music",
        "sounds": ["sounds/random/three_es"]
    },
    "random.three_co": {
        "category": "music",
        "sounds": ["sounds/random/three_co"]
    },
    "random.four_es": {
        "category": "music",
        "sounds": ["sounds/random/four_es"]
    },
    "random.four_co": {
        "category": "music",
        "sounds": ["sounds/random/four_co"]
    },
    "random.five_es": {
        "category": "music",
        "sounds": ["sounds/random/five_es"]
    },
    "random.five_co": {
        "category": "music",
        "sounds": ["sounds/random/five_co"]
    },
    "random.detect": {
        "category": "music",
        "sounds": ["sounds/random/detect"]
    },
    "random.move": {
        "category": "music",
        "sounds": ["sounds/random/move"]
    },
    "random.shoot": {
        "category": "music",
        "sounds": ["sounds/random/shoot"]
    },
    "random.button": {
        "category": "neutral",
        "sounds": ["sounds/random/button"]
    },
    "random.money": {
        "category": "music",
        "sounds": ["sounds/random/money"]
    },
    "random.clock": {
        "category": "music",
        "sounds": ["sounds/random/clock"]
    },
    "random.door": {
        "category": "neutral",
        "sounds": ["sounds/random/door"]
    },
    "random.time": {
        "category": "neutral",
        "sounds": ["sounds/random/time"]
    },
    "random.track1": {
        "category": "music",
        "sounds": ["sounds/random/track1"]
    },
    "random.track2": {
        "category": "music",
        "sounds": ["sounds/random/track2"]
    },
    "random.track3": {
        "category": "music",
        "sounds": ["sounds/random/track3"]
    }
}