{
	"format_version": "1.12.0",
	"minecraft:geometry": [
		{
			"description": {
				"identifier": "geometry.cherifier",
				"texture_width": 176,
				"texture_height": 176,
				"visible_bounds_width": 4,
				"visible_bounds_height": 7.5,
				"visible_bounds_offset": [0, 3.25, 0]
			},
			"bones": [
				{
					"name": "cherifier",
					"pivot": [0, 76, 0],
					"rotation": [-180, 0, 180]
				},
				{
					"name": "body",
					"parent": "cherifier",
					"pivot": [0, 76, 0]
				},
				{
					"name": "head",
					"parent": "body",
					"pivot": [0, 76, 0],
					"rotation": [-180, 0, 180],
					"cubes": [
						{"origin": [-7, 76, -7], "size": [14, 15, 14], "uv": [0, 0]},
						{"origin": [-7.5, 84.5, -7.5], "size": [15, 7, 15], "uv": [47, 36]},
						{"origin": [-6.5, 76.5, -6.5], "size": [13, 15, 13], "uv": [56, 0]},
						{"origin": [-7.5, 75.5, -0.5], "size": [15, 9, 8], "uv": [92, 28]},
						{"origin": [-5, 81.75, -6.75], "size": [4, 2, 0], "uv": [92, 160]},
						{"origin": [1, 81.75, -6.75], "size": [4, 2, 0], "uv": [74, 162], "mirror": true}
					]
				},
				{
					"name": "buns",
					"parent": "head",
					"pivot": [8.29797, 76.61177, 7.12132],
					"rotation": [-17.15943, 4.68391, 6.08342],
					"cubes": [
						{"origin": [2.36088, 75.5237, 1.3342], "size": [4, 5, 5], "pivot": [4.36088, 78.0237, 4.8342], "rotation": [-16.84303, -39.83913, 22.90598], "uv": [0, 114]},
						{"origin": [3.92708, 74.70229, 6.91291], "size": [8, 3, 3], "pivot": [7.92708, 76.20229, 9.41291], "rotation": [-21.02524, -51.67554, 28.71036], "uv": [72, 28]},
						{"origin": [5.68531, 76.66654, 6.88806], "size": [8, 2, 3], "pivot": [9.68531, 78.16654, 8.38806], "rotation": [-6.10097, -42.34576, 6.62892], "uv": [95, 0]},
						{"origin": [4.87917, 73.85103, 5.99813], "size": [8, 2, 3], "pivot": [8.87917, 74.35103, 7.49813], "rotation": [-27.38596, -34.14036, 40.32126], "uv": [92, 45]},
						{"origin": [6.6374, 74.81529, 5.97328], "size": [8, 3, 3], "pivot": [10.6374, 76.31529, 6.47328], "rotation": [-14.56707, -27.79994, 18.84051], "uv": [50, 29]}
					]
				},
				{
					"name": "buns2",
					"parent": "head",
					"pivot": [-8.29797, 76.61177, 7.12132],
					"rotation": [-17.15943, -4.68391, -6.08342],
					"cubes": [
						{"origin": [-6.36088, 75.5237, 1.3342], "size": [4, 5, 5], "pivot": [-4.36088, 78.0237, 4.8342], "rotation": [-16.84303, 39.83913, -22.90598], "uv": [0, 114], "mirror": true},
						{"origin": [-11.92708, 74.70229, 6.91291], "size": [8, 3, 3], "pivot": [-7.92708, 76.20229, 9.41291], "rotation": [-21.02524, 51.67554, -28.71036], "uv": [72, 28], "mirror": true},
						{"origin": [-13.68531, 76.66654, 6.88806], "size": [8, 2, 3], "pivot": [-9.68531, 78.16654, 8.38806], "rotation": [-6.10097, 42.34576, -6.62892], "uv": [95, 0], "mirror": true},
						{"origin": [-12.87917, 73.85103, 5.99813], "size": [8, 2, 3], "pivot": [-8.87917, 74.35103, 7.49813], "rotation": [-27.38596, 34.14036, -40.32126], "uv": [92, 45], "mirror": true},
						{"origin": [-14.6374, 74.81529, 5.97328], "size": [8, 3, 3], "pivot": [-10.6374, 76.31529, 6.47328], "rotation": [-14.56707, 27.79994, -18.84051], "uv": [50, 29], "mirror": true}
					]
				},
				{
					"name": "torso",
					"parent": "body",
					"pivot": [0, 76, 0],
					"cubes": [
						{"origin": [-3.5, 71, -4], "size": [7, 6, 7], "uv": [144, 119]},
						{"origin": [-4, 71, -4.5], "size": [8, 3, 8], "uv": [140, 82]},
						{"origin": [-9, 57, -6], "size": [18, 14, 11], "uv": [0, 51]},
						{"origin": [-9.5, 56.71551, -6.58833], "size": [19, 10, 12], "uv": [0, 29]},
						{"origin": [-7.5, 53.71551, -6.58833], "size": [15, 3, 12], "uv": [58, 58]},
						{"origin": [-9.20112, 27.76146, -6.58833], "size": [3, 26, 12], "pivot": [-8.70112, 40.76146, -0.58833], "rotation": [0, 0, 7.5], "uv": [0, 76]},
						{"origin": [6.20112, 27.76146, -6.58833], "size": [3, 26, 12], "pivot": [8.70112, 40.76146, -0.58833], "rotation": [0, 0, -7.5], "uv": [46, 73]},
						{"origin": [-7.5, 27.64059, -7.44531], "size": [15, 26, 4], "pivot": [0, 47.14059, -6.44531], "rotation": [-7.5, 0, 0], "uv": [76, 103]},
						{"origin": [-7.5, 27.64059, 2.26864], "size": [15, 26, 4], "pivot": [0, 47.14059, 5.26864], "rotation": [7.5, 0, 0], "uv": [76, 73]},
						{"origin": [-7, 66.8, -5.58833], "size": [3, 4.5, 11], "uv": [136, 104]},
						{"origin": [4, 66.8, -5.58833], "size": [3, 4.5, 11], "uv": [127, 37]},
						{"origin": [-9.5, 57.26691, -7.62312], "size": [19, 10, 4], "pivot": [0, 62.26691, -5.62312], "rotation": [-12.5, 0, 0], "uv": [103, 54]},
						{"origin": [-7, 67.10098, -6.35], "size": [3, 4, 4], "pivot": [-5.5, 69.10098, -4.10805], "rotation": [-5, 0, 0], "uv": [30, 88]},
						{"origin": [4, 67.10098, -6.35], "size": [3, 4, 4], "pivot": [5.5, 69.10098, -4.10805], "rotation": [-5, 0, 0], "uv": [0, 0]}
					]
				},
				{
					"name": "arms",
					"parent": "body",
					"pivot": [0, 76, 0]
				},
				{
					"name": "leftarm",
					"parent": "arms",
					"pivot": [10, 69, 0],
					"rotation": [0, 0, -5]
				},
				{
					"name": "upper",
					"parent": "leftarm",
					"pivot": [0, 76, 0],
					"cubes": [
						{"origin": [9, 58, -5], "size": [8, 13, 9], "uv": [114, 68]},
						{"origin": [9, 54, -4.5], "size": [7.5, 4, 8], "uv": [142, 0]}
					]
				},
				{
					"name": "bottom",
					"parent": "upper",
					"pivot": [0, 69, 0],
					"cubes": [
						{"origin": [10, 33, -3.5], "size": [6, 21, 6.5], "uv": [0, 134]},
						{"origin": [14, 32, -4], "size": [2, 2, 1.5], "pivot": [15, 33, -0.25], "rotation": [0, 0, 45], "uv": [61, 3]},
						{"origin": [15.12146, 29.971, -4], "size": [5, 2, 1.5], "pivot": [17.62146, 30.971, -3.25], "rotation": [0, 0, 35], "uv": [50, 38]},
						{"origin": [15.12146, 29.971, -2], "size": [5, 2, 1.5], "pivot": [17.62146, 30.971, -3.25], "rotation": [0, 0, 35], "uv": [50, 35]},
						{"origin": [15.12146, 29.971, 0], "size": [5, 2, 1.5], "pivot": [17.62146, 30.971, -3.25], "rotation": [0, 0, 35], "uv": [0, 38]},
						{"origin": [15.12146, 29.971, 2], "size": [5, 2, 1.5], "pivot": [17.62146, 30.971, -3.25], "rotation": [0, 0, 35], "uv": [0, 35]},
						{"origin": [11, 32, -4], "size": [2, 2, 1.5], "pivot": [12, 33, -3.25], "rotation": [-27.5, 0, 0], "uv": [53, 58]},
						{"origin": [11, 30.73987, -5.91341], "size": [2, 2, 1.5], "pivot": [12, 30.23987, -5.16341], "rotation": [-37.5, 0, 0], "uv": [47, 58]},
						{"origin": [14, 32, 2], "size": [2, 2, 1.5], "pivot": [15, 33, -0.25], "rotation": [0, 0, 45], "uv": [61, 0]},
						{"origin": [14, 32, 0], "size": [2, 2, 1.5], "pivot": [15, 33, -0.25], "rotation": [0, 0, 45], "uv": [59, 58]},
						{"origin": [14, 32, -2], "size": [2, 2, 1.5], "pivot": [15, 33, -0.25], "rotation": [0, 0, 45], "uv": [0, 59]}
					]
				},
				{
					"name": "rightarm",
					"parent": "arms",
					"pivot": [-10, 69, 0],
					"rotation": [0, 0, 5]
				},
				{
					"name": "upper2",
					"parent": "rightarm",
					"pivot": [0, 76, 0],
					"cubes": [
						{"origin": [-17, 58, -5], "size": [8, 13, 9], "uv": [108, 0]},
						{"origin": [-16.5, 54, -4.5], "size": [7.5, 4, 8], "uv": [141, 60]}
					]
				},
				{
					"name": "bottom2",
					"parent": "upper2",
					"pivot": [0, 69, 0],
					"cubes": [
						{"origin": [-16, 33, -3.5], "size": [6, 21, 6.5], "uv": [75, 133]},
						{"origin": [-16, 32, -4], "size": [2, 2, 1.5], "pivot": [-15, 33, -0.25], "rotation": [0, 0, -45], "uv": [5, 57]},
						{"origin": [-20.12146, 29.971, -4], "size": [5, 2, 1.5], "pivot": [-17.62146, 30.971, -3.25], "rotation": [0, 0, -35], "uv": [0, 32]},
						{"origin": [-20.12146, 29.971, -2], "size": [5, 2, 1.5], "pivot": [-17.62146, 30.971, -3.25], "rotation": [0, 0, -35], "uv": [0, 29]},
						{"origin": [-20.12146, 29.971, 0], "size": [5, 2, 1.5], "pivot": [-17.62146, 30.971, -3.25], "rotation": [0, 0, -35], "uv": [0, 11]},
						{"origin": [-20.12146, 29.971, 2], "size": [5, 2, 1.5], "pivot": [-17.62146, 30.971, -3.25], "rotation": [0, 0, -35], "uv": [0, 8]},
						{"origin": [-13, 32, -4], "size": [2, 2, 1.5], "pivot": [-12, 33, -3.25], "rotation": [-27.5, 0, 0], "uv": [0, 55]},
						{"origin": [-13, 30.73987, -5.91341], "size": [2, 2, 1.5], "pivot": [-12, 30.23987, -5.16341], "rotation": [-37.5, 0, 0], "uv": [5, 53]},
						{"origin": [-16, 32, 2], "size": [2, 2, 1.5], "pivot": [-15, 33, -0.25], "rotation": [0, 0, -45], "uv": [0, 51]},
						{"origin": [-16, 32, 0], "size": [2, 2, 1.5], "pivot": [-15, 33, -0.25], "rotation": [0, 0, -45], "uv": [42, 3]},
						{"origin": [-16, 32, -2], "size": [2, 2, 1.5], "pivot": [-15, 33, -0.25], "rotation": [0, 0, -45], "uv": [42, 0]}
					]
				},
				{
					"name": "legs",
					"parent": "body",
					"pivot": [0, 76, 0]
				},
				{
					"name": "leftleg",
					"parent": "legs",
					"pivot": [0, 76, 0],
					"cubes": [
						{"origin": [0.5, 27, -2], "size": [6.5, 26, 7], "uv": [49, 111]},
						{"origin": [0.5, 12, -2], "size": [6.5, 15, 7], "uv": [138, 15]}
					]
				},
				{
					"name": "down",
					"parent": "leftleg",
					"pivot": [0, 76, 0],
					"cubes": [
						{"origin": [0.5, 0, -2], "size": [6.5, 12, 7], "uv": [99, 140]},
						{"origin": [0.1, 0, -2.5], "size": [7.2, 17, 8], "uv": [114, 115]},
						{"origin": [0.1, 0, -9.5], "size": [7.2, 5.2, 7], "uv": [148, 45]},
						{"origin": [0.5, 0, -9], "size": [6.5, 5, 7], "uv": [43, 152]}
					]
				},
				{
					"name": "rightleg",
					"parent": "legs",
					"pivot": [0, 76, 0],
					"cubes": [
						{"origin": [-7, 27, -2], "size": [6.5, 26, 7], "uv": [23, 107]},
						{"origin": [-7, 12, -2], "size": [6.5, 15, 7], "uv": [137, 133]}
					]
				},
				{
					"name": "down2",
					"parent": "rightleg",
					"pivot": [0, 76, 0],
					"cubes": [
						{"origin": [-7, 0, -2], "size": [6.5, 12, 7], "uv": [24, 140]},
						{"origin": [-7.3, 0, -2.5], "size": [7.2, 17, 8], "uv": [114, 90]},
						{"origin": [-7.3, 0, -9.5], "size": [7.2, 5.2, 7], "uv": [18, 76]},
						{"origin": [-7, 0, -9], "size": [6.5, 5, 7], "uv": [42, 0]}
					]
				}
			]
		}
	]
}