{
	"format_version": "1.12.0",
	"minecraft:geometry": [
		{
			"description": {
				"identifier": "geometry.guard",
				"texture_width": 64,
				"texture_height": 64,
				"visible_bounds_width": 2,
				"visible_bounds_height": 3.5,
				"visible_bounds_offset": [0, 1.25, 0]
			},
			"bones": [
				{
					"name": "head",
					"pivot": [0, 24, 0],
					"mirror": true,
					"cubes": [
						{"origin": [-4, 24, -4], "size": [8, 8, 8], "uv": [0, 0], "mirror": false}
					]
				},
				{
					"name": "body",
					"pivot": [0, 24, 0],
					"mirror": true,
					"cubes": [
						{"origin": [-4, 12, -2], "size": [8, 12, 4], "uv": [0, 16], "mirror": false}
					]
				},
				{
					"name": "leftArm",
					"pivot": [-5, 22, 0],
					"mirror": true,
					"cubes": [
						{"origin": [-8, 12, -2], "size": [4, 12, 4], "uv": [32, 0], "mirror": false}
					]
				},
				{
					"name": "rightArm",
					"pivot": [5, 22, 0],
					"mirror": true,
					"cubes": [
						{"origin": [4, 12, -2], "size": [4, 12, 4], "uv": [32, 0]}
					]
				},
				{
					"name": "leftLeg",
					"pivot": [-1.9, 12, 0],
					"mirror": true,
					"cubes": [
						{"origin": [-3.9, 0, -2], "size": [4, 12, 4], "uv": [0, 32], "mirror": false}
					]
				},
				{
					"name": "rightLeg",
					"pivot": [1.9, 12, 0],
					"mirror": true,
					"cubes": [
						{"origin": [-0.1, 0, -2], "size": [4, 12, 4], "uv": [24, 16], "mirror": false}
					]
				}
			]
		}
	]
}