{
	"format_version": "1.10.0",
	"animation_controllers": {
		"controller.animation.moving": {
			"states": {
				"default": {
					"on_entry": [
						"/tag @s remove safe", "title @a actionbar Not Safe"
					],
					"transitions": [
						{
							"moving": "query.is_moving"
						},
						{
							"reset": "query.is_idling"
						}
					]
				},
				"moving": {
					"transitions": [
						{
							"default": "(1.0)"
						}
					],
					"on_entry": [
						"/tag @s add safe", "/title @a actioe"
					]
				},
				"reset": {
					"transitions": [
						{
							"default": "(1.0)"
						}
					],
					"on_entry": [
						"/tag @s remove safe", "title @a actionbar Not Safe"
					]
				}
			}
		}
	}
}