{
  "format_version": "1.10.0",
  "animation_controllers": {
    "controller.animation.sun": {
      "states": {
        "default": {
          "transitions": [
            {
              "walking": "(1.0)"
            }
          ],
          "on_entry": [
            "/tag @e remove safe"


          ]
        },
        "walking": {
          "transitions": [
            {
              "default": "(1.0)"
            }
          ],
          "on_entry": [
         "/tag @e remove safe"
          ]
        }
      }
    }
  }
}