{
	"format_version": "1.10.0",
	"animation_controllers": {
		"controller.animation.title": {
			"initial_state" : "default",
			"states": {
				"default": {
					"transitions": [
					{
					"alive": "query.is_alive"
					}
				]
				},
				"alive": {
					"on_entry": [
                      "/title @a actionbar Green Light!"
                    ],
					"transitions": [
						{
							"died": "!query.is_alive"
						}
					]
				},
				"died": {
					"on_entry": [
						"///"
					],
					"transitions": [
						{
						"alive": "query.is_alive"
						}
					]
				}
			}
		}
	}
}