{
    "format_version": "1.16.0",
    "minecraft:block": {
        "description": {
            "identifier": "pvz:guard",
            "properties": {
                "old:rotate": [
                    1,
                    2,
                    3,
                    4,
                    5,
                    6
                ]
            }
        },
        "components": {
            "minecraft:material_instances": {
                "*": {
                    "texture": "guard",
                    "render_method": "alpha_test"
                }
            },
            "minecraft:geometry": "geometry.guard",
            "minecraft:destroy_time": 99,
            "minecraft:on_player_placing": {
                "event": "old:rotate"
            },
      "minecraft:pick_collision": {
        "origin": [
          -8.0,
          0,
          -8.0
        ],
        "size": [
          16,
          16,
          16
        ]
      },
      "minecraft:entity_collision": {
        "origin": [
          -8.0,
          0,
          -8.0
        ],
        "size": [
          16,
          16,
          16
                ]
            },
            "minecraft:map_color": "#ffffff",
            "minecraft:flammable": {
                "flame_odds": 0,
                "burn_odds": 0
            },
            "minecraft:block_light_absorption": 1
        },
        "events": {
            "old:rotate": {
                "set_block_property": {
                    "old:rotate": "(query.cardinal_player_facing)"
                }
            }
        },
        "permutations": [
            {
                "condition": "query.block_property('old:rotate') == 2",
                "components": {
                    "minecraft:block_light_absorption": 1
                }
            },
            {
                "condition": "query.block_property('old:rotate') == 3",
                "components": {
                    "minecraft:rotation": [
                        0,
                        180,
                        0
                    ]
                }
            },
            {
                "condition": "query.block_property('old:rotate') == 4",
                "components": {
                    "minecraft:rotation": [
                        0,
                        90,
                        0
                    ]
                }
            },
            {
                "condition": "query.block_property('old:rotate') == 5",
                "components": {
                    "minecraft:rotation": [
                        0,
                        270,
                        0
                    ]
                }
            }
        ]
    }
}