{
    "format_version": "1.16.200",
    "minecraft:block": {
        "description": {
            "identifier": "add:map_7",
            "properties": {
                "block:facing": [0, 1, 2, 3]
            }
        },
        "components": {
            "minecraft:block_light_emission": 0.0,
            "minecraft:block_light_absorption": 0.0,
            "minecraft:geometry": "geometry.custom_bed",
            "minecraft:material_instances": {
                "*": {
                    "texture": "map_7",
                    "render_method": "alpha_test"
                }
            },
            "minecraft:pick_collision": {
                "origin": [-8.0, 0.0, -8.0],
                "size": [16.0, 16.0, 16.0]
            },
            "minecraft:entity_collision": {
                "origin": [-8.0, 0.0, -8.0],
                "size": [16.0, 16.0, 16.0]
            },
            "minecraft:on_player_placing": {
                "event": "facing"
            }
        },
        "permutations": [{
            "condition": "query.block_property('block:facing') == 0",
            "components": {
                "minecraft:rotation": [0, 180, 0]
            }
        }, {
            "condition": "query.block_property('block:facing') == 1",
            "components": {
                "minecraft:rotation": [0, 0, 0]
            }
        }, {
            "condition": "query.block_property('block:facing') == 2",
            "components": {
                "minecraft:rotation": [0, 270, 0]
            }
        }, {
            "condition": "query.block_property('block:facing') == 3",
            "components": {
                "minecraft:rotation": [0, 90, 0]
            }
        }],
        "events": {
            "facing": {
                "set_block_property": {
                    "block:facing": "query.cardinal_facing_2d-2"
                }
            }
        }
    }
}