{
    "format_version": "1.16.200",
    "minecraft:block": {
        "description": {
            "identifier": "add:map_6"
        },
        "components": {
            "minecraft:geometry": "geometry.blood",
            "minecraft:block_light_emission": 1.0,
            "minecraft:block_light_absorption": 0.0,
            "minecraft:destroy_time": 99.0,
            "minecraft:explosion_resistance": 100.0,
            "minecraft:breathability": "solid",
            "minecraft:pick_collision": {
                "origin": [-8.0, 0.0, -8.0],
                "size": [16.0, 1.0, 16.0]
            },
            "minecraft:entity_collision": {
                "origin": [-8.0, 0.0, -8.0],
                "size": [16.0, 1.0, 16.0]
            },
            "minecraft:material_instances": {
                "*": {
                    "texture": "map_6",
                    "ambient_occlusion": false,
                    "face_dimming": false,
                    "render_method": "alpha_test"
                }
            }
        }
    }
}