{
    "format_version": "1.16.100",
    "minecraft:item": {
        "description": {
            "identifier": "add:lobby",
            "category": "nature"
        },
        "components": {
            "minecraft:creative_category": {
                "parent": "itemGroup.name.monsterStoneEgg"
            },
            "minecraft:can_destroy_in_creative": true,
            "minecraft:max_stack_size": 1,
            "minecraft:use_animation": "eat",
            "minecraft:on_use": {
                "on_use": {
                    "event": "click",
                    "target": "self"
                }
            },
            "minecraft:icon": {
                "texture": "lobby"
            }
        },
        "events": {
            "click": {
                "run_command": {
                    "command": ["clear @s add:lobby", "tp @s 0 13 60 0 0"],
                    "target": "self"
                }
            }
        }
    }
}