{
    "format_version": "1.10.0",
    "minecraft:entity": {
        "description": {
            "scripts": {
                "animate": [
                    "sun", "title"
                ]
            },
            "animations": {
                "son": "controller.animation.sun",
                "title": "controller.animation.title"
            },
            "identifier": "sg:doll_count2",
            "is_spawnable": true,
            "is_summonable": true,
            "is_experimental": false
        },
        "component_groups": {
            "minecraft:start_dying": {
                "minecraft:timer": {
                    "looping": false,
                    "time": 4.9,
                    "time_down_event": {
                        "event": "minecraft:death_event",
                        "target": "self"
                    }
                }
            },
            "minecraft:death": {
                "minecraft:transformation": {
                    "into": "sg:doll_count_stop2<minecraft:entity_spawned>"
                }
            }
        },
        "components": {
            "minecraft:type_family": {
                "family": [
                    "evil",
                    "monster"
                ]
            },
            "minecraft:scale": {
                "value": 1.6
            },
            "minecraft:breathable": {
                "totalSupply": 15,
                "suffocateTime": 0
            },
            "minecraft:collision_box": {
                "width": 0,
                "height": 0
            },
            "minecraft:nameable": {},
            "minecraft:health": {
                "value": 99999,
                "max": 99999
            },
            "minecraft:knockback_resistance": {
                "value": 100
            },
            "minecraft:damage_sensor": [
                {
                    "on_damage": {
                        "filters": {
                            "test": "is_family",
                            "subject": "other",
                            "value": "player"
                        }
                    },
                    "deals_damage": false
                }
            ],
            "minecraft:pushable": {
                "is_pushable": false,
                "is_pushable_by_piston": true
            },
            "minecraft:physics": {}
        },
        "events": {
            "minecraft:entity_spawned": {
                "add": {
                    "component_groups": [
                        "minecraft:start_dying"
                    ]
                }
            },
            "minecraft:death_event": {
                "remove": {
                    "component_groups": [
                        "minecraft:start_dying"
                    ]
                },
                "add": {
                    "component_groups": [
                        "minecraft:death"
                    ]
                }
            }
        }
    }
}