{
    "format_version": "1.10.0",
    "geometry.dead": {
        "texturewidth": 64,
        "textureheight": 64,
        "visible_bounds_width": 4,
        "visible_bounds_height": 2,
        "visible_bounds_offset": [0, 1, 0],
        "bones": [{
            "name": "root",
            "pivot": [0, 3, 16],
            "rotation": [90, 0, 0]
        }, {
            "name": "waist",
            "parent": "root",
            "pivot": [0, 15, 16]
        }, {
            "name": "body",
            "parent": "waist",
            "pivot": [0, 27, 16],
            "cubes": [{
                "origin": [-4, 15, 14],
                "size": [8, 12, 4],
                "uv": [16, 16]
            }]
        }, {
            "name": "head",
            "parent": "body",
            "pivot": [0, 27, 16],
            "cubes": [{
                "origin": [-4, 27, 12],
                "size": [8, 8, 8],
                "uv": [0, 0]
            }]
        }, {
            "name": "hat",
            "parent": "head",
            "pivot": [0, 27, 16],
            "cubes": [{
                "origin": [-4, 27, 12],
                "size": [8, 8, 8],
                "uv": [32, 0],
                "inflate": 0.5
            }]
        }, {
            "name": "cape",
            "parent": "body",
            "pivot": [0, 27, 19]
        }, {
            "name": "leftArm",
            "parent": "body",
            "pivot": [5, 25, 16],
            "rotation": [0, 0, -135],
            "cubes": [{
                "origin": [4, 15, 14],
                "size": [4, 12, 4],
                "uv": [32, 48]
            }]
        }, {
            "name": "leftSleeve",
            "parent": "leftArm",
            "pivot": [5, 25, 16],
            "cubes": [{
                "origin": [4, 15, 14],
                "size": [4, 12, 4],
                "uv": [48, 48],
                "inflate": 0.25
            }]
        }, {
            "name": "leftItem",
            "parent": "leftArm",
            "pivot": [6, 18, 17]
        }, {
            "name": "rightArm",
            "parent": "body",
            "pivot": [-5, 25, 16],
            "rotation": [0, 0, 40],
            "cubes": [{
                "origin": [-8, 15, 14],
                "size": [4, 12, 4],
                "uv": [40, 16]
            }]
        }, {
            "name": "rightSleeve",
            "parent": "rightArm",
            "pivot": [-5, 25, 16],
            "cubes": [{
                "origin": [-8, 15, 14],
                "size": [4, 12, 4],
                "uv": [40, 32],
                "inflate": 0.25
            }]
        }, {
            "name": "rightItem",
            "parent": "rightArm",
            "pivot": [-6, 18, 17],
            "locators": {
                "lead_hold": [-6, 18, 17]
            }
        }, {
            "name": "jacket",
            "parent": "body",
            "pivot": [0, 27, 16],
            "cubes": [{
                "origin": [-4, 15, 14],
                "size": [8, 12, 4],
                "uv": [16, 32],
                "inflate": 0.25
            }]
        }, {
            "name": "leftLeg",
            "parent": "root",
            "pivot": [1.9, 15, 16],
            "rotation": [0, 0, -22.5],
            "cubes": [{
                "origin": [-0.1, 3, 14],
                "size": [4, 12, 4],
                "uv": [16, 48]
            }]
        }, {
            "name": "leftPants",
            "parent": "leftLeg",
            "pivot": [1.9, 15, 16],
            "cubes": [{
                "origin": [-0.1, 3, 14],
                "size": [4, 12, 4],
                "uv": [0, 48],
                "inflate": 0.25
            }]
        }, {
            "name": "rightLeg",
            "parent": "root",
            "pivot": [-1.9, 15, 16],
            "rotation": [0, 0, 30],
            "cubes": [{
                "origin": [-3.9, 3, 14],
                "size": [4, 12, 4],
                "uv": [0, 16]
            }]
        }, {
            "name": "rightPants",
            "parent": "rightLeg",
            "pivot": [-1.9, 15, 16],
            "cubes": [{
                "origin": [-3.9, 3, 14],
                "size": [4, 12, 4],
                "uv": [0, 32],
                "inflate": 0.25
            }]
        }]
    }
}