{
	"format_version": "1.12.0",
	"minecraft:geometry": [
		{
			"description": {
				"identifier": "geometry.doll",
				"texture_width": 256,
				"texture_height": 256,
				"visible_bounds_width": 4,
				"visible_bounds_height": 10,
				"visible_bounds_offset": [0, 4, 0]
			},
			"bones": [
				{
					"name": "root",
					"pivot": [0, 41, 0]
				},
				{
					"name": "waist",
					"parent": "root",
					"pivot": [0, 73, 0]
				},
				{
					"name": "body",
					"parent": "waist",
					"pivot": [0, 105, 0]
				},
				{
					"name": "head",
					"parent": "body",
					"pivot": [0, 108, 0],
					"cubes": [
						{"origin": [-5, 102, -5], "size": [10, 8, 10], "uv": [82, 29]},
						{"origin": [-1.5, 115, -12.2], "size": [3, 1, 1], "uv": [83, 107]},
						{"origin": [-0.5, 118, -12.1], "size": [1, 2, 1], "pivot": [0, 120, -11.7], "rotation": [-10, 0, 0], "uv": [24, 11]},
						{"origin": [-4.7, 121.3, -12.2], "size": [3, 1, 1], "uv": [0, 49]},
						{"origin": [-4.5, 121, -12.2], "size": [2, 1, 1], "uv": [82, 13]},
						{"origin": [2.5, 121, -12.2], "size": [2, 1, 1], "uv": [12, 16]},
						{"origin": [-3.3, 120.7, -12.2], "size": [2, 1, 1], "uv": [122, 38]},
						{"origin": [-5.1, 121.5, -12.2], "size": [2, 1, 1], "uv": [118, 95]},
						{"origin": [3.1, 121.5, -12.2], "size": [2, 1, 1], "uv": [114, 74]},
						{"origin": [1.4, 120.7, -12.2], "size": [2, 1, 1], "uv": [122, 8]},
						{"origin": [1.7, 121.3, -12.2], "size": [3, 1, 1], "uv": [24, 8]},
						{"origin": [-1.5, 116, -12.2], "size": [3, 1, 1], "uv": [101, 0]},
						{"origin": [-2.7, 115.5, -12.2], "size": [3, 1, 1], "pivot": [-1.5, 116, -11.7], "rotation": [0, 0, 15], "uv": [76, 77]},
						{"origin": [-0.3, 115.5, -12.2], "size": [3, 1, 1], "pivot": [1.5, 116, -11.7], "rotation": [0, 0, -15], "uv": [0, 73]}
					]
				},
				{
					"name": "eye2",
					"parent": "head",
					"pivot": [-3, 121.6, -11.8],
					"cubes": [
						{"origin": [-4, 120.6, -12.3], "size": [2, 2, 1], "uv": [36, 11]}
					]
				},
				{
					"name": "eye1",
					"parent": "head",
					"pivot": [3, 121.6, -11.8],
					"cubes": [
						{"origin": [2, 120.6, -12.3], "size": [2, 2, 1], "uv": [18, 30]}
					]
				},
				{
					"name": "octagon",
					"parent": "head",
					"pivot": [0, 121, 0],
					"cubes": [
						{"origin": [-4.97056, 109, -5], "size": [9.94113, 1, 10], "pivot": [0, 121, 0], "rotation": [0, 0, 45], "uv": [100, 126]},
						{"origin": [-4.97056, 109, -5], "size": [9.94113, 1, 10], "uv": [72, 125]},
						{"origin": [-4.97056, 132, -5], "size": [9.94113, 1, 10], "pivot": [0, 121, 0], "rotation": [0, 0, 45], "uv": [0, 124]},
						{"origin": [-4.97056, 132, -5], "size": [9.94113, 1, 10], "uv": [122, 95]},
						{"origin": [11, 116.02944, -5], "size": [1, 9.94113, 10], "pivot": [0, 121, 0], "rotation": [0, 0, 45], "uv": [169, 127]},
						{"origin": [11, 116.02944, -5], "size": [1, 9.94113, 10], "uv": [56, 169]},
						{"origin": [-12, 116.02944, -5], "size": [1, 9.94113, 10], "pivot": [0, 121, 0], "rotation": [0, 0, 45], "uv": [0, 169]},
						{"origin": [-12, 116.02944, -5], "size": [1, 9.94113, 10], "uv": [168, 81]}
					]
				},
				{
					"name": "octagon2",
					"parent": "head",
					"pivot": [0, 121, 0],
					"rotation": [0, -90, 0],
					"cubes": [
						{"origin": [-4.97056, 109, -5], "size": [9.94113, 1, 10], "pivot": [0, 121, 0], "rotation": [0, 0, 45], "uv": [44, 122]},
						{"origin": [-4.97056, 109, -5], "size": [9.94113, 1, 10], "uv": [122, 41]},
						{"origin": [-4.97056, 132, -5], "size": [9.94113, 1, 10], "pivot": [0, 121, 0], "rotation": [0, 0, 45], "uv": [122, 30]},
						{"origin": [-4.97056, 132, -5], "size": [9.94113, 1, 10], "uv": [122, 0]},
						{"origin": [11, 116.02944, -5], "size": [1, 9.94113, 10], "pivot": [0, 121, 0], "rotation": [0, 0, 45], "uv": [34, 167]},
						{"origin": [11, 116.02944, -5], "size": [1, 9.94113, 10], "uv": [166, 105]},
						{"origin": [-12, 116.02944, -5], "size": [1, 9.94113, 10], "pivot": [0, 121, 0], "rotation": [0, 0, 45], "uv": [166, 36]},
						{"origin": [-12, 116.02944, -5], "size": [1, 9.94113, 10], "uv": [157, 161]}
					]
				},
				{
					"name": "octagon3",
					"parent": "head",
					"pivot": [0, 121, 0],
					"rotation": [0, -45, 0],
					"cubes": [
						{"origin": [-4.97056, 109, -5], "size": [9.94113, 1, 10], "pivot": [0, 121, 0], "rotation": [0, 0, 45], "uv": [119, 60]},
						{"origin": [-4.97056, 109, -5], "size": [9.94113, 1, 10], "uv": [118, 84]},
						{"origin": [-4.97056, 132, -5], "size": [9.94113, 1, 10], "pivot": [0, 121, 0], "rotation": [0, 0, 45], "uv": [106, 115]},
						{"origin": [-4.97056, 132, -5], "size": [9.94113, 1, 10], "uv": [78, 114]},
						{"origin": [11, 116.02944, -5], "size": [1, 9.94113, 10], "pivot": [0, 121, 0], "rotation": [0, 0, 45], "uv": [105, 161]},
						{"origin": [11, 116.02944, -5], "size": [1, 9.94113, 10], "uv": [157, 142]},
						{"origin": [-12, 116.02944, -5], "size": [1, 9.94113, 10], "pivot": [0, 121, 0], "rotation": [0, 0, 45], "uv": [22, 157]},
						{"origin": [-12, 116.02944, -5], "size": [1, 9.94113, 10], "uv": [154, 96]}
					]
				},
				{
					"name": "octagon4",
					"parent": "head",
					"pivot": [0, 121, 0],
					"rotation": [-180, -45, 180],
					"cubes": [
						{"origin": [-4.97056, 109, -5], "size": [9.94113, 1, 10], "pivot": [0, 121, 0], "rotation": [0, 0, 45], "uv": [112, 73]},
						{"origin": [-4.97056, 109, -5], "size": [9.94113, 1, 10], "uv": [112, 19]},
						{"origin": [-4.97056, 132, -5], "size": [9.94113, 1, 10], "pivot": [0, 121, 0], "rotation": [0, 0, 45], "uv": [0, 65]},
						{"origin": [-4.97056, 132, -5], "size": [9.94113, 1, 10], "uv": [24, 0]},
						{"origin": [11, 116.02944, -5], "size": [1, 9.94113, 10], "pivot": [0, 121, 0], "rotation": [0, 0, 45], "uv": [83, 153]},
						{"origin": [11, 116.02944, -5], "size": [1, 9.94113, 10], "uv": [145, 152]},
						{"origin": [-12, 116.02944, -5], "size": [1, 9.94113, 10], "pivot": [0, 121, 0], "rotation": [0, 0, 45], "uv": [123, 152]},
						{"origin": [-12, 116.02944, -5], "size": [1, 9.94113, 10], "uv": [61, 150]}
					]
				},
				{
					"name": "cola",
					"parent": "head",
					"pivot": [0, 132, 0],
					"cubes": [
						{"origin": [9, 125, 3], "size": [4, 2, 4], "uv": [37, 42]},
						{"origin": [13, 109, 3], "size": [8, 2, 4], "uv": [28, 123]},
						{"origin": [12, 111, 2], "size": [10, 5, 6], "uv": [133, 141]},
						{"origin": [13, 113, 3], "size": [7, 7, 4], "uv": [185, 7]},
						{"origin": [13, 115, 4], "size": [4, 9, 2], "uv": [92, 137]},
						{"origin": [9, 117, 2], "size": [5, 8, 6], "uv": [178, 100]}
					]
				},
				{
					"name": "cola2",
					"parent": "head",
					"pivot": [0, 132, 0],
					"cubes": [
						{"origin": [-13, 125, 3], "size": [4, 2, 4], "uv": [24, 11]},
						{"origin": [-21, 109, 3], "size": [8, 2, 4], "uv": [66, 30]},
						{"origin": [-22, 111, 2], "size": [10, 5, 6], "uv": [140, 71]},
						{"origin": [-20, 113, 3], "size": [7, 7, 4], "uv": [0, 30]},
						{"origin": [-17, 115, 4], "size": [4, 9, 2], "uv": [78, 136]},
						{"origin": [-14, 117, 2], "size": [5, 8, 6], "uv": [173, 174]}
					]
				},
				{
					"name": "hexadecagon",
					"parent": "head",
					"pivot": [0, 125, 0],
					"rotation": [-102.5, 0, 0],
					"cubes": [
						{"origin": [-2.58586, 112, -1.5], "size": [5.17172, 1, 3], "pivot": [0, 125, 0], "rotation": [0, 0, -45], "uv": [122, 106]},
						{"origin": [-2.58586, 112, -1.5], "size": [5.17172, 1, 3], "pivot": [0, 125, 0], "rotation": [0, 0, -22.5], "uv": [112, 84]},
						{"origin": [-2.58586, 112, -1.5], "size": [5.17172, 1, 3], "uv": [112, 34]},
						{"origin": [-2.58586, 112, -1.5], "size": [5.17172, 1, 3], "pivot": [0, 125, 0], "rotation": [0, 0, 22.5], "uv": [112, 30]},
						{"origin": [-2.58586, 112, -1.5], "size": [5.17172, 1, 3], "pivot": [0, 125, 0], "rotation": [0, 0, 45], "uv": [104, 21]},
						{"origin": [-2.58586, 137, -1.5], "size": [5.17172, 1, 3], "pivot": [0, 125, 0], "rotation": [0, 0, -45], "uv": [104, 17]},
						{"origin": [-2.58586, 137, -1.5], "size": [5.17172, 1, 3], "pivot": [0, 125, 0], "rotation": [0, 0, -22.5], "uv": [101, 74]},
						{"origin": [-2.58586, 137, -1.5], "size": [5.17172, 1, 3], "uv": [101, 70]},
						{"origin": [-2.58586, 137, -1.5], "size": [5.17172, 1, 3], "pivot": [0, 125, 0], "rotation": [0, 0, 22.5], "uv": [72, 9]},
						{"origin": [-2.58586, 137, -1.5], "size": [5.17172, 1, 3], "pivot": [0, 125, 0], "rotation": [0, 0, 45], "uv": [48, 11]},
						{"origin": [12, 122.41414, -1.5], "size": [1, 5.17172, 3], "pivot": [0, 125, 0], "rotation": [0, 0, -22.5], "uv": [122, 95]},
						{"origin": [12, 122.41414, -1.5], "size": [1, 5.17172, 3], "uv": [72, 122]},
						{"origin": [12, 122.41414, -1.5], "size": [1, 5.17172, 3], "pivot": [0, 125, 0], "rotation": [0, 0, 22.5], "uv": [122, 41]},
						{"origin": [-13, 122.41414, -1.5], "size": [1, 5.17172, 3], "pivot": [0, 125, 0], "rotation": [0, 0, -22.5], "uv": [122, 0]},
						{"origin": [-13, 122.41414, -1.5], "size": [1, 5.17172, 3], "uv": [106, 114]},
						{"origin": [-13, 122.41414, -1.5], "size": [1, 5.17172, 3], "pivot": [0, 125, 0], "rotation": [0, 0, 22.5], "uv": [96, 0]}
					]
				},
				{
					"name": "hexadecagon2",
					"parent": "head",
					"pivot": [0, 133, 1],
					"rotation": [-15, 0, 0],
					"cubes": [
						{"origin": [-7.80062, 130.5, -5.51041], "size": [3.58042, 5, 1], "pivot": [-6.01041, 131, -5.01041], "rotation": [-60, 45, 0], "uv": [150, 27]},
						{"origin": [-5.04302, 130.5, -7.35298], "size": [3.58042, 5, 1], "pivot": [-3.25281, 131, -6.85298], "rotation": [-60, 22.5, 0], "uv": [150, 0]},
						{"origin": [-1.79021, 130.5, -8], "size": [3.58042, 5, 1], "pivot": [0, 131, -7.5], "rotation": [-60, 0, 0], "uv": [0, 149]},
						{"origin": [1.4626, 130.5, -7.35298], "size": [3.58042, 5, 1], "pivot": [3.25281, 131, -6.85298], "rotation": [-60, -22.5, 0], "uv": [146, 84]},
						{"origin": [4.2202, 130.5, -5.51041], "size": [3.58042, 5, 1], "pivot": [6.01041, 131, -5.01041], "rotation": [-60, -45, 0], "uv": [128, 126]},
						{"origin": [4.2202, 130.5, 6.51041], "size": [3.58042, 5, 1], "pivot": [6.01041, 131, 7.01041], "rotation": [60, 45, 0], "uv": [100, 126]},
						{"origin": [1.4626, 130.5, 8.35298], "size": [3.58042, 5, 1], "pivot": [3.25281, 131, 8.85298], "rotation": [60, 22.5, 0], "uv": [0, 124]},
						{"origin": [-1.79021, 130.5, 9], "size": [3.58042, 5, 1], "pivot": [0, 131, 9.5], "rotation": [60, 0, 0], "uv": [118, 88]},
						{"origin": [-5.04302, 130.5, 8.35298], "size": [3.58042, 5, 1], "pivot": [-3.25281, 131, 8.85298], "rotation": [60, -22.5, 0], "uv": [21, 101]},
						{"origin": [-7.80062, 130.5, 6.51041], "size": [3.58042, 5, 1], "pivot": [-6.01041, 131, 7.01041], "rotation": [60, -45, 0], "uv": [48, 95]},
						{"origin": [7.35298, 130.5, -4.04302], "size": [1, 5, 3.58042], "pivot": [7.85298, 131, -2.25281], "rotation": [-19.7339, 11.0311, -61.92445], "uv": [72, 0]},
						{"origin": [8, 130.5, -0.79021], "size": [1, 5, 3.58042], "pivot": [8.5, 131, 1], "rotation": [0, 0, -60], "uv": [0, 65]},
						{"origin": [7.35298, 130.5, 2.4626], "size": [1, 5, 3.58042], "pivot": [7.85298, 131, 4.25281], "rotation": [19.7339, -11.0311, -61.92445], "uv": [0, 41]},
						{"origin": [-8.35298, 130.5, 2.4626], "size": [1, 5, 3.58042], "pivot": [-7.85298, 131, 4.25281], "rotation": [19.7339, 11.0311, 61.92445], "uv": [24, 0]},
						{"origin": [-9, 130.5, -0.79021], "size": [1, 5, 3.58042], "pivot": [-8.5, 131, 1], "rotation": [0, 0, 60], "uv": [10, 0]},
						{"origin": [-8.35298, 130.5, -4.04302], "size": [1, 5, 3.58042], "pivot": [-7.85298, 131, -2.25281], "rotation": [-19.7339, -11.0311, 61.92445], "uv": [0, 0]}
					]
				},
				{
					"name": "hexadecagon3",
					"parent": "head",
					"pivot": [0, 131, 0],
					"rotation": [-105, 0, 0],
					"cubes": [
						{"origin": [-1.98912, 121, -0.5], "size": [3.97825, 1, 2], "pivot": [0, 131, 0], "rotation": [0, 0, -45], "uv": [146, 91]},
						{"origin": [-1.98912, 121, -0.5], "size": [3.97825, 1, 2], "pivot": [0, 131, 0], "rotation": [0, 0, -22.5], "uv": [135, 106]},
						{"origin": [-1.98912, 121, -0.5], "size": [3.97825, 1, 2], "uv": [134, 15]},
						{"origin": [-1.98912, 121, -0.5], "size": [3.97825, 1, 2], "pivot": [0, 131, 0], "rotation": [0, 0, 22.5], "uv": [128, 132]},
						{"origin": [-1.98912, 121, -0.5], "size": [3.97825, 1, 2], "pivot": [0, 131, 0], "rotation": [0, 0, 45], "uv": [100, 132]},
						{"origin": [-1.98912, 140, -0.5], "size": [3.97825, 1, 2], "pivot": [0, 131, 0], "rotation": [0, 0, -45], "uv": [0, 130]},
						{"origin": [-1.98912, 140, -0.5], "size": [3.97825, 1, 2], "pivot": [0, 131, 0], "rotation": [0, 0, -22.5], "uv": [98, 50]},
						{"origin": [-1.98912, 140, -0.5], "size": [3.97825, 1, 2], "uv": [90, 61]},
						{"origin": [-1.98912, 140, -0.5], "size": [3.97825, 1, 2], "pivot": [0, 131, 0], "rotation": [0, 0, 22.5], "uv": [82, 47]},
						{"origin": [-1.98912, 140, -0.5], "size": [3.97825, 1, 2], "pivot": [0, 131, 0], "rotation": [0, 0, 45], "uv": [28, 71]},
						{"origin": [9, 129.01088, -0.5], "size": [1, 3.97825, 2], "pivot": [0, 131, 0], "rotation": [0, 0, -22.5], "uv": [140, 109]},
						{"origin": [9, 129.01088, -0.5], "size": [1, 3.97825, 2], "uv": [126, 32]},
						{"origin": [9, 129.01088, -0.5], "size": [1, 3.97825, 2], "pivot": [0, 131, 0], "rotation": [0, 0, 22.5], "uv": [111, 0]},
						{"origin": [-10, 129.01088, -0.5], "size": [1, 3.97825, 2], "pivot": [0, 131, 0], "rotation": [0, 0, -22.5], "uv": [86, 29]},
						{"origin": [-10, 129.01088, -0.5], "size": [1, 3.97825, 2], "uv": [40, 71]},
						{"origin": [-10, 129.01088, -0.5], "size": [1, 3.97825, 2], "pivot": [0, 131, 0], "rotation": [0, 0, 22.5], "uv": [39, 65]}
					]
				},
				{
					"name": "hexadecagon4",
					"parent": "head",
					"pivot": [0, 129, 0],
					"rotation": [-102.5, 0, 0],
					"cubes": [
						{"origin": [-2.18804, 118, -1], "size": [4.37607, 1, 2], "pivot": [0, 129, 0], "rotation": [0, 0, -45], "uv": [120, 147]},
						{"origin": [-2.18804, 118, -1], "size": [4.37607, 1, 2], "pivot": [0, 129, 0], "rotation": [0, 0, -22.5], "uv": [127, 141]},
						{"origin": [-2.18804, 118, -1], "size": [4.37607, 1, 2], "uv": [140, 20]},
						{"origin": [-2.18804, 118, -1], "size": [4.37607, 1, 2], "pivot": [0, 129, 0], "rotation": [0, 0, 22.5], "uv": [134, 115]},
						{"origin": [-2.18804, 118, -1], "size": [4.37607, 1, 2], "pivot": [0, 129, 0], "rotation": [0, 0, 45], "uv": [42, 129]},
						{"origin": [-2.18804, 139, -1], "size": [4.37607, 1, 2], "pivot": [0, 129, 0], "rotation": [0, 0, -45], "uv": [83, 109]},
						{"origin": [-2.18804, 139, -1], "size": [4.37607, 1, 2], "pivot": [0, 129, 0], "rotation": [0, 0, -22.5], "uv": [95, 47]},
						{"origin": [-2.18804, 139, -1], "size": [4.37607, 1, 2], "uv": [54, 77]},
						{"origin": [-2.18804, 139, -1], "size": [4.37607, 1, 2], "pivot": [0, 129, 0], "rotation": [0, 0, 22.5], "uv": [77, 36]},
						{"origin": [-2.18804, 139, -1], "size": [4.37607, 1, 2], "pivot": [0, 129, 0], "rotation": [0, 0, 45], "uv": [72, 13]},
						{"origin": [10, 126.81196, -1], "size": [1, 4.37607, 2], "pivot": [0, 129, 0], "rotation": [0, 0, -22.5], "uv": [150, 41]},
						{"origin": [10, 126.81196, -1], "size": [1, 4.37607, 2], "uv": [140, 71]},
						{"origin": [10, 126.81196, -1], "size": [1, 4.37607, 2], "pivot": [0, 129, 0], "rotation": [0, 0, 22.5], "uv": [116, 76]},
						{"origin": [-11, 126.81196, -1], "size": [1, 4.37607, 2], "pivot": [0, 129, 0], "rotation": [0, 0, -22.5], "uv": [0, 101]},
						{"origin": [-11, 126.81196, -1], "size": [1, 4.37607, 2], "uv": [24, 82]},
						{"origin": [-11, 126.81196, -1], "size": [1, 4.37607, 2], "pivot": [0, 129, 0], "rotation": [0, 0, 22.5], "uv": [24, 76]}
					]
				},
				{
					"name": "hexadecagon5",
					"parent": "head",
					"pivot": [0, 127, 0],
					"rotation": [77.5, 0, 0],
					"cubes": [
						{"origin": [-2.38695, 115, -1], "size": [4.7739, 1, 2], "pivot": [0, 127, 0], "rotation": [0, 0, -45], "uv": [167, 21]},
						{"origin": [-2.38695, 115, -1], "size": [4.7739, 1, 2], "pivot": [0, 127, 0], "rotation": [0, 0, -22.5], "uv": [166, 100]},
						{"origin": [-2.38695, 115, -1], "size": [4.7739, 1, 2], "uv": [165, 124]},
						{"origin": [-2.38695, 115, -1], "size": [4.7739, 1, 2], "pivot": [0, 127, 0], "rotation": [0, 0, 22.5], "uv": [95, 160]},
						{"origin": [-2.38695, 115, -1], "size": [4.7739, 1, 2], "pivot": [0, 127, 0], "rotation": [0, 0, 45], "uv": [135, 158]},
						{"origin": [-2.38695, 138, -1], "size": [4.7739, 1, 2], "pivot": [0, 127, 0], "rotation": [0, 0, -45], "uv": [155, 21]},
						{"origin": [-2.38695, 138, -1], "size": [4.7739, 1, 2], "pivot": [0, 127, 0], "rotation": [0, 0, -22.5], "uv": [12, 155]},
						{"origin": [-2.38695, 138, -1], "size": [4.7739, 1, 2], "uv": [154, 115]},
						{"origin": [-2.38695, 138, -1], "size": [4.7739, 1, 2], "pivot": [0, 127, 0], "rotation": [0, 0, 22.5], "uv": [80, 153]},
						{"origin": [-2.38695, 138, -1], "size": [4.7739, 1, 2], "pivot": [0, 127, 0], "rotation": [0, 0, 45], "uv": [142, 152]},
						{"origin": [11, 124.61305, -1], "size": [1, 4.7739, 2], "pivot": [0, 127, 0], "rotation": [0, 0, -22.5], "uv": [159, 137]},
						{"origin": [11, 124.61305, -1], "size": [1, 4.7739, 2], "uv": [85, 156]},
						{"origin": [11, 124.61305, -1], "size": [1, 4.7739, 2], "pivot": [0, 127, 0], "rotation": [0, 0, 22.5], "uv": [147, 155]},
						{"origin": [-12, 124.61305, -1], "size": [1, 4.7739, 2], "pivot": [0, 127, 0], "rotation": [0, 0, -22.5], "uv": [24, 155]},
						{"origin": [-12, 124.61305, -1], "size": [1, 4.7739, 2], "uv": [154, 45]},
						{"origin": [-12, 124.61305, -1], "size": [1, 4.7739, 2], "pivot": [0, 127, 0], "rotation": [0, 0, 22.5], "uv": [95, 153]}
					]
				},
				{
					"name": "hexadecagon6",
					"parent": "head",
					"pivot": [0, 133.5, 1.2],
					"rotation": [-12.5, 0, 0],
					"cubes": [
						{"origin": [-0.99456, 133, -3.8], "size": [1.98912, 1, 5], "pivot": [0, 133.5, 1.2], "rotation": [0, 45, 0], "uv": [119, 153]},
						{"origin": [-0.99456, 133, -3.8], "size": [1.98912, 1, 5], "pivot": [0, 133.5, 1.2], "rotation": [0, 22.5, 0], "uv": [73, 153]},
						{"origin": [-0.99456, 133, -3.8], "size": [1.98912, 1, 5], "uv": [135, 152]},
						{"origin": [-0.99456, 133, -3.8], "size": [1.98912, 1, 5], "pivot": [0, 133.5, 1.2], "rotation": [0, -22.5, 0], "uv": [58, 150]},
						{"origin": [-0.99456, 133, -3.8], "size": [1.98912, 1, 5], "pivot": [0, 133.5, 1.2], "rotation": [0, -45, 0], "uv": [51, 147]},
						{"origin": [-0.99456, 133, 1.2], "size": [1.98912, 1, 5], "pivot": [0, 133.5, 1.2], "rotation": [0, 45, 0], "uv": [106, 143]},
						{"origin": [-0.99456, 133, 1.2], "size": [1.98912, 1, 5], "pivot": [0, 133.5, 1.2], "rotation": [0, 22.5, 0], "uv": [120, 141]},
						{"origin": [-0.99456, 133, 1.2], "size": [1.98912, 1, 5], "uv": [140, 14]},
						{"origin": [-0.99456, 133, 1.2], "size": [1.98912, 1, 5], "pivot": [0, 133.5, 1.2], "rotation": [0, -22.5, 0], "uv": [106, 137]},
						{"origin": [-0.99456, 133, 1.2], "size": [1.98912, 1, 5], "pivot": [0, 133.5, 1.2], "rotation": [0, -45, 0], "uv": [133, 109]},
						{"origin": [0, 133, 0.20544], "size": [5, 1, 1.98912], "pivot": [0, 133.5, 1.2], "rotation": [0, 22.5, 0], "uv": [117, 17]},
						{"origin": [0, 133, 0.20544], "size": [5, 1, 1.98912], "uv": [114, 71]},
						{"origin": [0, 133, 0.20544], "size": [5, 1, 1.98912], "pivot": [0, 133.5, 1.2], "rotation": [0, -22.5, 0], "uv": [88, 112]},
						{"origin": [-5, 133, 0.20544], "size": [5, 1, 1.98912], "pivot": [0, 133.5, 1.2], "rotation": [0, 22.5, 0], "uv": [64, 77]},
						{"origin": [-5, 133, 0.20544], "size": [5, 1, 1.98912], "uv": [37, 48]},
						{"origin": [-5, 133, 0.20544], "size": [5, 1, 1.98912], "pivot": [0, 133.5, 1.2], "rotation": [0, -22.5, 0], "uv": [0, 16]}
					]
				},
				{
					"name": "rightArm",
					"parent": "body",
					"pivot": [-10, 97, 0]
				},
				{
					"name": "rightSleeve",
					"parent": "rightArm",
					"pivot": [-10, 97, 0],
					"cubes": [
						{"origin": [-19, 90, -6], "size": [6, 12, 12], "uv": [0, 77]},
						{"origin": [-13, 93, -8], "size": [4, 9, 16], "uv": [48, 0]},
						{"origin": [-13, 102, -6], "size": [4, 2, 12], "uv": [58, 136]},
						{"origin": [-16, 100, -6], "size": [4, 3, 12], "uv": [126, 126]},
						{"origin": [-13, 92, -6], "size": [1, 1, 12], "uv": [92, 137]},
						{"origin": [-20, 90, -5], "size": [1, 10, 10], "uv": [39, 147]}
					]
				},
				{
					"name": "normal",
					"parent": "rightArm",
					"pivot": [-17, 90, 0],
					"cubes": [
						{"origin": [-19.3, 80, -3.3], "size": [6, 10, 7], "uv": [146, 120]},
						{"origin": [-18.3, 73, -2.4], "size": [4, 7, 5], "uv": [131, 185]},
						{"origin": [-17.8, 72, -2.4], "size": [3, 1, 5], "uv": [66, 36]},
						{"origin": [-18.3, 69.3, -2.4], "size": [1, 4, 5], "pivot": [-17.8, 73, 0.1], "rotation": [0, 0, 25], "uv": [52, 0]},
						{"origin": [-16.3, 70, -2.4], "size": [1, 4, 1], "pivot": [-15.8, 72, -1.9], "rotation": [0, 0, -15], "uv": [52, 0]},
						{"origin": [-18, 86, -4], "size": [3, 4, 1], "uv": [61, 89]}
					]
				},
				{
					"name": "leftArm",
					"parent": "body",
					"pivot": [10, 99, 0]
				},
				{
					"name": "leftSleeve",
					"parent": "leftArm",
					"pivot": [10, 99, 0],
					"cubes": [
						{"origin": [13, 90, -6], "size": [6, 12, 12], "uv": [58, 83]},
						{"origin": [9, 93, -8], "size": [4, 9, 16], "uv": [30, 64]},
						{"origin": [11, 100, -6], "size": [5, 3, 12], "uv": [54, 107]},
						{"origin": [12, 92, -6], "size": [1, 1, 12], "uv": [161, 57]},
						{"origin": [9, 102, -6], "size": [4, 2, 12], "uv": [134, 106]},
						{"origin": [19, 90, -5], "size": [1, 10, 10], "uv": [0, 149]}
					]
				},
				{
					"name": "normal2",
					"parent": "leftArm",
					"pivot": [17, 90, 0],
					"cubes": [
						{"origin": [13.3, 80, -3.3], "size": [6, 10, 7], "uv": [147, 52]},
						{"origin": [14.3, 73, -2.4], "size": [4, 7, 5], "uv": [160, 185]},
						{"origin": [17.3, 69.3, -2.4], "size": [1, 4, 5], "pivot": [17.8, 73, 0.1], "rotation": [0, 0, -25], "uv": [33, 71]},
						{"origin": [15.3, 70, -2.4], "size": [1, 4, 1], "pivot": [15.8, 72, -1.9], "rotation": [0, 0, 15], "uv": [59, 0]},
						{"origin": [14.8, 72, -2.4], "size": [3, 1, 5], "uv": [28, 65]},
						{"origin": [15, 86, -4], "size": [3, 4, 1], "uv": [89, 83]}
					]
				},
				{
					"name": "jacket",
					"parent": "body",
					"pivot": [0, 76, 0],
					"cubes": [
						{"origin": [-7.5, 93, -8.5], "size": [14, 14, 9], "uv": [0, 42]},
						{"origin": [-7.5, 93, 0.5], "size": [14, 14, 8], "uv": [46, 42]},
						{"origin": [6.5, 93, -9], "size": [3, 12, 18], "uv": [24, 12]},
						{"origin": [-10.5, 93, -9], "size": [3, 12, 18], "uv": [0, 0]},
						{"origin": [-9.5, 104.5, -7], "size": [2, 3, 14], "uv": [104, 97]},
						{"origin": [6.5, 104.5, -7], "size": [2, 3, 14], "uv": [104, 0]},
						{"origin": [-7.5, 93, -10], "size": [14, 9, 1], "uv": [155, 11]},
						{"origin": [4.5, 102, -10], "size": [2, 1, 1], "uv": [122, 103]},
						{"origin": [-7.5, 102, -10], "size": [2, 1, 1], "uv": [77, 122]},
						{"origin": [-7.5, 102, 9], "size": [2, 1, 1], "uv": [122, 52]},
						{"origin": [4.5, 102, 9], "size": [2, 1, 1], "uv": [122, 49]},
						{"origin": [-7.5, 93, 9], "size": [14, 9, 1], "uv": [54, 64]}
					]
				},
				{
					"name": "octagon5",
					"parent": "jacket",
					"pivot": [0, 89, 0],
					"rotation": [-90, 0, 0],
					"cubes": [
						{"origin": [-4.14214, 79, -4], "size": [8.28427, 1, 8], "pivot": [0, 89, 0], "rotation": [0, 0, 45], "uv": [150, 27]},
						{"origin": [-4.14214, 79, -4], "size": [8.28427, 1, 8], "uv": [150, 0]},
						{"origin": [-4.14214, 98, -4], "size": [8.28427, 1, 8], "pivot": [0, 89, 0], "rotation": [0, 0, 45], "uv": [146, 82]},
						{"origin": [-4.14214, 98, -4], "size": [8.28427, 1, 8], "uv": [72, 0]},
						{"origin": [9, 84.85786, -4], "size": [1, 8.28427, 8], "pivot": [0, 89, 0], "rotation": [0, 0, 45], "uv": [98, 180]},
						{"origin": [9, 84.85786, -4], "size": [1, 8.28427, 8], "uv": [22, 178]},
						{"origin": [-10, 84.85786, -4], "size": [1, 8.28427, 8], "pivot": [0, 89, 0], "rotation": [0, 0, 45], "uv": [147, 174]},
						{"origin": [-10, 84.85786, -4], "size": [1, 8.28427, 8], "uv": [0, 0]}
					]
				},
				{
					"name": "octagon6",
					"parent": "jacket",
					"pivot": [0, 93, 0],
					"rotation": [-90, 0, 0],
					"cubes": [
						{"origin": [-3.72792, 84, -4.5], "size": [7.45584, 1, 5], "pivot": [0, 93, 0], "rotation": [0, 0, 45], "uv": [178, 188]},
						{"origin": [-3.72792, 84, -4.5], "size": [7.45584, 1, 5], "uv": [188, 114]},
						{"origin": [-3.72792, 101, -4.5], "size": [7.45584, 1, 5], "pivot": [0, 93, 0], "rotation": [0, 0, 45], "uv": [188, 45]},
						{"origin": [-3.72792, 101, -4.5], "size": [7.45584, 1, 5], "uv": [129, 52]},
						{"origin": [8, 89.27208, -4.5], "size": [1, 7.45584, 5], "pivot": [0, 93, 0], "rotation": [0, 0, 45], "uv": [76, 107]},
						{"origin": [8, 89.27208, -4.5], "size": [1, 7.45584, 5], "uv": [54, 107]},
						{"origin": [-9, 89.27208, -4.5], "size": [1, 7.45584, 5], "pivot": [0, 93, 0], "rotation": [0, 0, 45], "uv": [82, 83]},
						{"origin": [-9, 89.27208, -4.5], "size": [1, 7.45584, 5], "uv": [0, 76]}
					]
				},
				{
					"name": "octagon7",
					"parent": "jacket",
					"pivot": [0, 84, 0],
					"rotation": [-90, 0, 0],
					"cubes": [
						{"origin": [-4.55635, 73, -2.5], "size": [9.1127, 1, 6], "pivot": [0, 84, 0], "rotation": [0, 0, 45], "uv": [174, 28]},
						{"origin": [-4.55635, 73, -2.5], "size": [9.1127, 1, 6], "uv": [174, 21]},
						{"origin": [-4.55635, 94, -2.5], "size": [9.1127, 1, 6], "pivot": [0, 84, 0], "rotation": [0, 0, 45], "uv": [174, 0]},
						{"origin": [-4.55635, 94, -2.5], "size": [9.1127, 1, 6], "uv": [95, 153]},
						{"origin": [10, 79.44365, -2.5], "size": [1, 9.1127, 6], "pivot": [0, 84, 0], "rotation": [0, 0, 45], "uv": [34, 192]},
						{"origin": [10, 79.44365, -2.5], "size": [1, 9.1127, 6], "uv": [143, 191]},
						{"origin": [-11, 79.44365, -2.5], "size": [1, 9.1127, 6], "pivot": [0, 84, 0], "rotation": [0, 0, 45], "uv": [116, 188]},
						{"origin": [-11, 79.44365, -2.5], "size": [1, 9.1127, 6], "uv": [62, 188]}
					]
				},
				{
					"name": "octagon8",
					"parent": "jacket",
					"pivot": [0, 78, 0],
					"rotation": [-90, 0, 0],
					"cubes": [
						{"origin": [-4.97056, 66, -2.5], "size": [9.94113, 1, 5], "pivot": [0, 78, 0], "rotation": [0, 0, 45], "uv": [108, 182]},
						{"origin": [-4.97056, 66, -2.5], "size": [9.94113, 1, 5], "uv": [181, 130]},
						{"origin": [-4.97056, 89, -2.5], "size": [9.94113, 1, 5], "pivot": [0, 78, 0], "rotation": [0, 0, 45], "uv": [181, 124]},
						{"origin": [-4.97056, 89, -2.5], "size": [9.94113, 1, 5], "uv": [78, 181]},
						{"origin": [11, 73.02944, -2.5], "size": [1, 9.94113, 5], "pivot": [0, 78, 0], "rotation": [0, 0, 45], "uv": [185, 194]},
						{"origin": [11, 73.02944, -2.5], "size": [1, 9.94113, 5], "uv": [173, 194]},
						{"origin": [-12, 73.02944, -2.5], "size": [1, 9.94113, 5], "pivot": [0, 78, 0], "rotation": [0, 0, 45], "uv": [151, 91]},
						{"origin": [-12, 73.02944, -2.5], "size": [1, 9.94113, 5], "uv": [104, 0]}
					]
				},
				{
					"name": "octagon9",
					"parent": "jacket",
					"pivot": [0, 73, 0],
					"rotation": [-90, 0, 0],
					"cubes": [
						{"origin": [-5.38478, 60, -2.5], "size": [10.76955, 1, 5], "pivot": [0, 73, 0], "rotation": [0, 0, 45], "uv": [180, 81]},
						{"origin": [-5.38478, 60, -2.5], "size": [10.76955, 1, 5], "uv": [179, 152]},
						{"origin": [-5.38478, 85, -2.5], "size": [10.76955, 1, 5], "pivot": [0, 73, 0], "rotation": [0, 0, 45], "uv": [169, 146]},
						{"origin": [-5.38478, 85, -2.5], "size": [10.76955, 1, 5], "uv": [36, 89]},
						{"origin": [12, 67.61522, -2.5], "size": [1, 10.76955, 5], "pivot": [0, 73, 0], "rotation": [0, 0, 45], "uv": [194, 136]},
						{"origin": [12, 67.61522, -2.5], "size": [1, 10.76955, 5], "uv": [194, 91]},
						{"origin": [-13, 67.61522, -2.5], "size": [1, 10.76955, 5], "pivot": [0, 73, 0], "rotation": [0, 0, 45], "uv": [18, 194]},
						{"origin": [-13, 67.61522, -2.5], "size": [1, 10.76955, 5], "uv": [48, 192]}
					]
				},
				{
					"name": "octagon10",
					"parent": "jacket",
					"pivot": [0, 69, 0],
					"rotation": [-90, 0, 0],
					"cubes": [
						{"origin": [-5.79899, 55, -1.5], "size": [11.59798, 1, 3], "pivot": [0, 69, 0], "rotation": [0, 0, 45], "uv": [40, 188]},
						{"origin": [-5.79899, 55, -1.5], "size": [11.59798, 1, 3], "uv": [180, 87]},
						{"origin": [-5.79899, 82, -1.5], "size": [11.59798, 1, 3], "pivot": [0, 69, 0], "rotation": [0, 0, 45], "uv": [179, 170]},
						{"origin": [-5.79899, 82, -1.5], "size": [11.59798, 1, 3], "uv": [48, 26]},
						{"origin": [13, 63.20101, -1.5], "size": [1, 11.59798, 3], "pivot": [0, 69, 0], "rotation": [0, 0, 45], "uv": [102, 196]},
						{"origin": [13, 63.20101, -1.5], "size": [1, 11.59798, 3], "uv": [94, 196]},
						{"origin": [-14, 63.20101, -1.5], "size": [1, 11.59798, 3], "pivot": [0, 69, 0], "rotation": [0, 0, 45], "uv": [195, 174]},
						{"origin": [-14, 63.20101, -1.5], "size": [1, 11.59798, 3], "uv": [90, 47]}
					]
				},
				{
					"name": "octagon11",
					"parent": "jacket",
					"pivot": [0, 65, 0],
					"rotation": [-90, 0, 0],
					"cubes": [
						{"origin": [-6.62742, 49, -1], "size": [13.25483, 1, 2], "pivot": [0, 65, 0], "rotation": [0, 0, 45], "uv": [175, 64]},
						{"origin": [-6.62742, 49, -1], "size": [13.25483, 1, 2], "uv": [12, 152]},
						{"origin": [-6.62742, 80, -1], "size": [13.25483, 1, 2], "pivot": [0, 65, 0], "rotation": [0, 0, 45], "uv": [122, 11]},
						{"origin": [-6.62742, 80, -1], "size": [13.25483, 1, 2], "uv": [54, 74]},
						{"origin": [15, 58.37258, -1], "size": [1, 13.25483, 2], "pivot": [0, 65, 0], "rotation": [0, 0, 45], "uv": [136, 197]},
						{"origin": [15, 58.37258, -1], "size": [1, 13.25483, 2], "uv": [130, 197]},
						{"origin": [-16, 58.37258, -1], "size": [1, 13.25483, 2], "pivot": [0, 65, 0], "rotation": [0, 0, 45], "uv": [110, 196]},
						{"origin": [-16, 58.37258, -1], "size": [1, 13.25483, 2], "uv": [160, 36]}
					]
				},
				{
					"name": "octagon12",
					"parent": "jacket",
					"pivot": [0, 67, 0],
					"rotation": [-90, 0, 0],
					"cubes": [
						{"origin": [-6.2132, 52, -1], "size": [12.42641, 7, 2], "pivot": [0, 67, 0], "rotation": [0, 0, 45], "uv": [178, 36]},
						{"origin": [-6.2132, 52, -1], "size": [12.42641, 9, 2], "uv": [172, 70]},
						{"origin": [-6.2132, 75, -1], "size": [12.42641, 7, 2], "pivot": [0, 67, 0], "rotation": [0, 0, 45], "uv": [175, 55]},
						{"origin": [-6.2132, 73, -1], "size": [12.42641, 9, 2], "uv": [127, 171]},
						{"origin": [8, 60.7868, -1], "size": [7, 12.42641, 2], "pivot": [0, 67, 0], "rotation": [0, 0, 45], "uv": [0, 188]},
						{"origin": [0, 60.7868, -1], "size": [15, 12.42641, 2], "uv": [0, 135]},
						{"origin": [-15, 60.7868, -1], "size": [7, 12.42641, 2], "pivot": [0, 67, 0], "rotation": [0, 0, 45], "uv": [76, 187]},
						{"origin": [-15, 60.7868, -1], "size": [15, 12.42641, 2], "uv": [36, 133]}
					]
				},
				{
					"name": "rightLeg",
					"parent": "root",
					"pivot": [-7, 66.85714, 0.14286],
					"cubes": [
						{"origin": [-10, 45, -3], "size": [6, 22, 6], "uv": [94, 83]},
						{"origin": [-10.5, 41, -3.5], "size": [7, 16, 7], "uv": [0, 101]},
						{"origin": [-11, 41, -11], "size": [8, 4, 15], "uv": [70, 64]},
						{"origin": [-3, 41, -10], "size": [1, 3, 13], "uv": [77, 137]},
						{"origin": [-12, 41, -10], "size": [1, 3, 13], "uv": [21, 136]},
						{"origin": [-10, 41, -12], "size": [6, 3, 1], "uv": [28, 129]},
						{"origin": [-10, 45, -9], "size": [6, 1, 8], "uv": [169, 161]}
					]
				},
				{
					"name": "leftLeg",
					"parent": "root",
					"pivot": [7, 66.85714, 0.14286],
					"cubes": [
						{"origin": [4, 45, -3], "size": [6, 22, 6], "uv": [30, 95]},
						{"origin": [3.5, 41, -3.5], "size": [7, 16, 7], "uv": [101, 47]},
						{"origin": [3, 41, -11], "size": [8, 4, 15], "uv": [73, 10]},
						{"origin": [11, 41, -10], "size": [1, 3, 13], "uv": [140, 11]},
						{"origin": [2, 41, -10], "size": [1, 3, 13], "uv": [105, 137]},
						{"origin": [4, 41, -12], "size": [6, 3, 1], "uv": [134, 120]},
						{"origin": [4, 45, -9], "size": [6, 1, 8], "uv": [78, 172]}
					]
				}
			]
		}
	]
}