{
    "format_version": "1.12.0",
    "minecraft:geometry": [{
        "description": {
            "identifier": "geometry.number",
            "texture_width": 512,
            "texture_height": 512,
            "visible_bounds_width": 31,
            "visible_bounds_height": 10,
            "visible_bounds_offset": [0, 4, 0]
        },
        "bones": [{
            "name": "number",
            "pivot": [0, 0, 0]
        }, {
            "name": "part1",
            "parent": "number",
            "pivot": [24, -32, 0],
            "cubes": [{
                "origin": [16, 0, -8],
                "size": [1, 16, 16],
                "uv": [172, 265]
            }, {
                "origin": [17, 1, -8],
                "size": [1, 14, 16],
                "uv": [272, 121]
            }, {
                "origin": [18, 2, -8],
                "size": [1, 12, 16],
                "uv": [290, 30]
            }, {
                "origin": [19, 3, -8],
                "size": [1, 10, 16],
                "uv": [70, 294]
            }, {
                "origin": [20, 4, -8],
                "size": [1, 8, 16],
                "uv": [224, 297]
            }, {
                "origin": [21, 5, -8],
                "size": [1, 6, 16],
                "uv": [306, 163]
            }, {
                "origin": [22, 6, -8],
                "size": [1, 4, 16],
                "uv": [308, 82]
            }, {
                "origin": [23, 7, -8],
                "size": [1, 2, 16],
                "uv": [316, 221]
            }, {
                "origin": [-16, 0, -8],
                "size": [16, 16, 16],
                "uv": [96, 128]
            }, {
                "origin": [0, 0, -8],
                "size": [16, 16, 16],
                "uv": [0, 128]
            }, {
                "origin": [-17, 0, -8],
                "size": [1, 16, 16],
                "uv": [138, 264]
            }, {
                "origin": [-18, 1, -8],
                "size": [1, 14, 16],
                "uv": [272, 87]
            }, {
                "origin": [-19, 2, -8],
                "size": [1, 12, 16],
                "uv": [288, 151]
            }, {
                "origin": [-20, 3, -8],
                "size": [1, 10, 16],
                "uv": [0, 294]
            }, {
                "origin": [-21, 4, -8],
                "size": [1, 8, 16],
                "uv": [190, 296]
            }, {
                "origin": [-22, 5, -8],
                "size": [1, 6, 16],
                "uv": [306, 127]
            }, {
                "origin": [-23, 6, -8],
                "size": [1, 4, 16],
                "uv": [308, 62]
            }, {
                "origin": [-24, 7, -8],
                "size": [1, 2, 16],
                "uv": [316, 203]
            }]
        }, {
            "name": "part2",
            "parent": "number",
            "pivot": [29, 20, 0],
            "cubes": [{
                "origin": [21, 19, -8],
                "size": [16, 1, 16],
                "uv": [96, 160]
            }, {
                "origin": [22, 18, -8],
                "size": [15, 1, 16],
                "uv": [190, 162]
            }, {
                "origin": [23, 17, -8],
                "size": [14, 1, 16],
                "uv": [192, 119]
            }, {
                "origin": [24, 16, -8],
                "size": [13, 1, 16],
                "uv": [84, 211]
            }, {
                "origin": [25, 15, -8],
                "size": [12, 1, 16],
                "uv": [40, 229]
            }, {
                "origin": [26, 14, -8],
                "size": [11, 1, 16],
                "uv": [236, 35]
            }, {
                "origin": [27, 13, -8],
                "size": [10, 1, 16],
                "uv": [0, 245]
            }, {
                "origin": [28, 12, -8],
                "size": [9, 1, 16],
                "uv": [250, 250]
            }, {
                "origin": [21, 20, -8],
                "size": [16, 16, 16],
                "uv": [48, 112]
            }, {
                "origin": [21, 36, -8],
                "size": [16, 16, 16],
                "uv": [96, 96]
            }, {
                "origin": [21, 52, -8],
                "size": [16, 1, 16],
                "uv": [0, 160]
            }, {
                "origin": [22, 53, -8],
                "size": [15, 1, 16],
                "uv": [186, 179]
            }, {
                "origin": [23, 54, -8],
                "size": [14, 1, 16],
                "uv": [192, 102]
            }, {
                "origin": [24, 55, -8],
                "size": [13, 1, 16],
                "uv": [0, 211]
            }, {
                "origin": [25, 56, -8],
                "size": [12, 1, 16],
                "uv": [82, 228]
            }, {
                "origin": [26, 57, -8],
                "size": [11, 1, 16],
                "uv": [236, 18]
            }, {
                "origin": [27, 58, -8],
                "size": [10, 1, 16],
                "uv": [236, 232]
            }, {
                "origin": [28, 59, -8],
                "size": [9, 1, 16],
                "uv": [216, 249]
            }]
        }, {
            "name": "part3",
            "parent": "number",
            "pivot": [24, 25, 0],
            "cubes": [{
                "origin": [16, 57, -8],
                "size": [1, 16, 16],
                "uv": [104, 263]
            }, {
                "origin": [17, 58, -8],
                "size": [1, 14, 16],
                "uv": [272, 53]
            }, {
                "origin": [18, 59, -8],
                "size": [1, 12, 16],
                "uv": [280, 216]
            }, {
                "origin": [19, 60, -8],
                "size": [1, 10, 16],
                "uv": [292, 279]
            }, {
                "origin": [20, 61, -8],
                "size": [1, 8, 16],
                "uv": [138, 296]
            }, {
                "origin": [21, 62, -8],
                "size": [1, 6, 16],
                "uv": [276, 305]
            }, {
                "origin": [22, 63, -8],
                "size": [1, 4, 16],
                "uv": [308, 42]
            }, {
                "origin": [23, 64, -8],
                "size": [1, 2, 16],
                "uv": [316, 185]
            }, {
                "origin": [-16, 57, -8],
                "size": [16, 16, 16],
                "uv": [96, 64]
            }, {
                "origin": [0, 57, -8],
                "size": [16, 16, 16],
                "uv": [96, 32]
            }, {
                "origin": [-17, 57, -8],
                "size": [1, 16, 16],
                "uv": [34, 263]
            }, {
                "origin": [-18, 58, -8],
                "size": [1, 14, 16],
                "uv": [270, 181]
            }, {
                "origin": [-19, 59, -8],
                "size": [1, 12, 16],
                "uv": [52, 279]
            }, {
                "origin": [-20, 60, -8],
                "size": [1, 10, 16],
                "uv": [292, 251]
            }, {
                "origin": [-21, 61, -8],
                "size": [1, 8, 16],
                "uv": [258, 295]
            }, {
                "origin": [-22, 62, -8],
                "size": [1, 6, 16],
                "uv": [156, 304]
            }, {
                "origin": [-23, 63, -8],
                "size": [1, 4, 16],
                "uv": [308, 20]
            }, {
                "origin": [-24, 64, -8],
                "size": [1, 2, 16],
                "uv": [310, 307]
            }]
        }, {
            "name": "part4",
            "parent": "number",
            "pivot": [-29, 20, 0],
            "cubes": [{
                "origin": [-37, 19, -8],
                "size": [16, 1, 16],
                "uv": [144, 144]
            }, {
                "origin": [-37, 18, -8],
                "size": [15, 1, 16],
                "uv": [140, 178]
            }, {
                "origin": [-37, 17, -8],
                "size": [14, 1, 16],
                "uv": [192, 85]
            }, {
                "origin": [-37, 16, -8],
                "size": [13, 1, 16],
                "uv": [176, 196]
            }, {
                "origin": [-37, 15, -8],
                "size": [12, 1, 16],
                "uv": [0, 228]
            }, {
                "origin": [-37, 14, -8],
                "size": [11, 1, 16],
                "uv": [236, 1]
            }, {
                "origin": [-37, 13, -8],
                "size": [10, 1, 16],
                "uv": [236, 154]
            }, {
                "origin": [-37, 12, -8],
                "size": [9, 1, 16],
                "uv": [182, 248]
            }, {
                "origin": [-37, 20, -8],
                "size": [16, 16, 16],
                "uv": [96, 0]
            }, {
                "origin": [-37, 36, -8],
                "size": [16, 16, 16],
                "uv": [0, 96]
            }, {
                "origin": [-37, 52, -8],
                "size": [16, 1, 16],
                "uv": [144, 112]
            }, {
                "origin": [-37, 53, -8],
                "size": [15, 1, 16],
                "uv": [46, 178]
            }, {
                "origin": [-37, 54, -8],
                "size": [14, 1, 16],
                "uv": [192, 68]
            }, {
                "origin": [-37, 55, -8],
                "size": [13, 1, 16],
                "uv": [134, 195]
            }, {
                "origin": [-37, 56, -8],
                "size": [12, 1, 16],
                "uv": [218, 197]
            }, {
                "origin": [-37, 57, -8],
                "size": [11, 1, 16],
                "uv": [234, 137]
            }, {
                "origin": [-37, 58, -8],
                "size": [10, 1, 16],
                "uv": [236, 120]
            }, {
                "origin": [-37, 59, -8],
                "size": [9, 1, 16],
                "uv": [148, 247]
            }]
        }, {
            "name": "part5",
            "parent": "number",
            "pivot": [29, 77, 0],
            "cubes": [{
                "origin": [21, 76, -8],
                "size": [16, 1, 16],
                "uv": [144, 80]
            }, {
                "origin": [22, 75, -8],
                "size": [15, 1, 16],
                "uv": [94, 177]
            }, {
                "origin": [23, 74, -8],
                "size": [14, 1, 16],
                "uv": [192, 51]
            }, {
                "origin": [24, 73, -8],
                "size": [13, 1, 16],
                "uv": [42, 195]
            }, {
                "origin": [25, 72, -8],
                "size": [12, 1, 16],
                "uv": [206, 214]
            }, {
                "origin": [26, 71, -8],
                "size": [11, 1, 16],
                "uv": [232, 180]
            }, {
                "origin": [27, 70, -8],
                "size": [10, 1, 16],
                "uv": [236, 103]
            }, {
                "origin": [28, 69, -8],
                "size": [9, 1, 16],
                "uv": [246, 215]
            }, {
                "origin": [21, 77, -8],
                "size": [16, 16, 16],
                "uv": [48, 80]
            }, {
                "origin": [21, 93, -8],
                "size": [16, 16, 16],
                "uv": [0, 64]
            }, {
                "origin": [21, 109, -8],
                "size": [16, 1, 16],
                "uv": [144, 48]
            }, {
                "origin": [22, 110, -8],
                "size": [15, 1, 16],
                "uv": [0, 177]
            }, {
                "origin": [23, 111, -8],
                "size": [14, 1, 16],
                "uv": [192, 34]
            }, {
                "origin": [24, 112, -8],
                "size": [13, 1, 16],
                "uv": [92, 194]
            }, {
                "origin": [25, 113, -8],
                "size": [12, 1, 16],
                "uv": [166, 213]
            }, {
                "origin": [26, 114, -8],
                "size": [11, 1, 16],
                "uv": [198, 231]
            }, {
                "origin": [27, 115, -8],
                "size": [10, 1, 16],
                "uv": [236, 86]
            }, {
                "origin": [28, 116, -8],
                "size": [9, 1, 16],
                "uv": [114, 246]
            }]
        }, {
            "name": "part6",
            "parent": "number",
            "pivot": [24, 82, 0],
            "cubes": [{
                "origin": [16, 114, -8],
                "size": [1, 16, 16],
                "uv": [70, 262]
            }, {
                "origin": [17, 115, -8],
                "size": [1, 14, 16],
                "uv": [240, 267]
            }, {
                "origin": [18, 116, -8],
                "size": [1, 12, 16],
                "uv": [274, 267]
            }, {
                "origin": [19, 117, -8],
                "size": [1, 10, 16],
                "uv": [290, 101]
            }, {
                "origin": [20, 118, -8],
                "size": [1, 8, 16],
                "uv": [104, 295]
            }, {
                "origin": [21, 119, -8],
                "size": [1, 6, 16],
                "uv": [298, 228]
            }, {
                "origin": [22, 120, -8],
                "size": [1, 4, 16],
                "uv": [308, 0]
            }, {
                "origin": [23, 121, -8],
                "size": [1, 2, 16],
                "uv": [310, 289]
            }, {
                "origin": [-16, 114, -8],
                "size": [16, 16, 16],
                "uv": [48, 48]
            }, {
                "origin": [0, 114, -8],
                "size": [16, 16, 16],
                "uv": [48, 16]
            }, {
                "origin": [-17, 114, -8],
                "size": [1, 16, 16],
                "uv": [0, 262]
            }, {
                "origin": [-18, 115, -8],
                "size": [1, 14, 16],
                "uv": [206, 266]
            }, {
                "origin": [-19, 116, -8],
                "size": [1, 12, 16],
                "uv": [274, 2]
            }, {
                "origin": [-20, 117, -8],
                "size": [1, 10, 16],
                "uv": [290, 67]
            }, {
                "origin": [-21, 118, -8],
                "size": [1, 8, 16],
                "uv": [34, 295]
            }, {
                "origin": [-22, 119, -8],
                "size": [1, 6, 16],
                "uv": [298, 195]
            }, {
                "origin": [-23, 120, -8],
                "size": [1, 4, 16],
                "uv": [52, 307]
            }, {
                "origin": [-24, 121, -8],
                "size": [1, 2, 16],
                "uv": [310, 261]
            }]
        }, {
            "name": "part7",
            "parent": "number",
            "pivot": [-29, 77, 0],
            "cubes": [{
                "origin": [-37, 76, -8],
                "size": [16, 1, 16],
                "uv": [48, 144]
            }, {
                "origin": [-37, 75, -8],
                "size": [15, 1, 16],
                "uv": [144, 161]
            }, {
                "origin": [-37, 74, -8],
                "size": [14, 1, 16],
                "uv": [192, 17]
            }, {
                "origin": [-37, 73, -8],
                "size": [13, 1, 16],
                "uv": [0, 194]
            }, {
                "origin": [-37, 72, -8],
                "size": [12, 1, 16],
                "uv": [126, 212]
            }, {
                "origin": [-37, 71, -8],
                "size": [11, 1, 16],
                "uv": [160, 230]
            }, {
                "origin": [-37, 70, -8],
                "size": [10, 1, 16],
                "uv": [236, 69]
            }, {
                "origin": [-37, 69, -8],
                "size": [9, 1, 16],
                "uv": [36, 246]
            }, {
                "origin": [-37, 77, -8],
                "size": [16, 16, 16],
                "uv": [0, 32]
            }, {
                "origin": [-37, 93, -8],
                "size": [16, 16, 16],
                "uv": [0, 0]
            }, {
                "origin": [-37, 109, -8],
                "size": [16, 1, 16],
                "uv": [144, 16]
            }, {
                "origin": [-37, 110, -8],
                "size": [15, 1, 16],
                "uv": [48, 161]
            }, {
                "origin": [-37, 111, -8],
                "size": [14, 1, 16],
                "uv": [192, 0]
            }, {
                "origin": [-37, 112, -8],
                "size": [13, 1, 16],
                "uv": [192, 136]
            }, {
                "origin": [-37, 113, -8],
                "size": [12, 1, 16],
                "uv": [42, 212]
            }, {
                "origin": [-37, 114, -8],
                "size": [11, 1, 16],
                "uv": [122, 229]
            }, {
                "origin": [-37, 115, -8],
                "size": [10, 1, 16],
                "uv": [236, 52]
            }, {
                "origin": [-37, 116, -8],
                "size": [9, 1, 16],
                "uv": [80, 245]
            }]
        }]
    }]
}