{
    "format_version": "1.10.0",
    "geometry.piggy_bank": {
        "texturewidth": 64,
        "textureheight": 64,
        "visible_bounds_width": 3,
        "visible_bounds_height": 2.25,
        "visible_bounds_offset": [0, 0.875, 0],
        "bones": [{
            "name": "body",
            "pivot": [0, 13, 2],
            "rotation": [90, 0, 0],
            "cubes": [{
                "origin": [-5, 7, -5],
                "size": [10, 16, 8],
                "uv": [0, 0]
            }, {
                "origin": [-6, 8, -4],
                "size": [1, 14, 6],
                "uv": [32, 31]
            }, {
                "origin": [5, 8, -4],
                "size": [1, 14, 6],
                "uv": [18, 31]
            }, {
                "origin": [-4, 8, 3],
                "size": [8, 13, 1],
                "uv": [0, 36]
            }, {
                "origin": [-4, 6, -4],
                "size": [8, 1, 6],
                "uv": [24, 24]
            }]
        }, {
            "name": "head",
            "pivot": [0, 12, -6],
            "cubes": [{
                "origin": [-4, 8, -12],
                "size": [8, 8, 4],
                "uv": [0, 24]
            }, {
                "origin": [-4, 14, -8],
                "size": [8, 2, 2],
                "uv": [28, 0]
            }, {
                "origin": [-2, 9, -13],
                "size": [4, 3, 1],
                "uv": [20, 24]
            }],
            "locators": {
                "lead": [0, 14, -6]
            }
        }, {
            "name": "leg0",
            "pivot": [-3, 6, 7],
            "cubes": [{
                "origin": [-5, 3, 4],
                "size": [4, 3, 4],
                "uv": [46, 31]
            }]
        }, {
            "name": "leg1",
            "pivot": [3, 6, 7],
            "mirror": true,
            "cubes": [{
                "origin": [1, 3, 4],
                "size": [4, 3, 4],
                "uv": [46, 18],
                "mirror": false
            }]
        }, {
            "name": "leg2",
            "pivot": [-3, 6, -5],
            "cubes": [{
                "origin": [-5, 3, -7],
                "size": [4, 3, 4],
                "uv": [36, 11]
            }]
        }, {
            "name": "leg3",
            "pivot": [3, 9, -5],
            "mirror": true,
            "cubes": [{
                "origin": [1, 3, -7],
                "size": [4, 3, 4],
                "uv": [36, 4],
                "mirror": false
            }]
        }]
    }
}