{
    "format_version": "1.10.0",
    "geometry.humanoid.soldier": {
        "texturewidth": 64,
        "textureheight": 64,
        "visible_bounds_width": 2,
        "visible_bounds_height": 7,
        "visible_bounds_offset": [0, 3.5, 0],
        "bones": [{
            "name": "root",
            "pivot": [0, 54, 0]
        }, {
            "name": "waist",
            "parent": "root",
            "pivot": [0, 66, 0]
        }, {
            "name": "body",
            "parent": "waist",
            "pivot": [0, 78, 0],
            "cubes": [{
                "origin": [-4, 66, -2],
                "size": [8, 12, 4],
                "uv": [16, 16]
            }]
        }, {
            "name": "head",
            "parent": "body",
            "pivot": [0, 78, 0],
            "cubes": [{
                "origin": [-4, 78, -4],
                "size": [8, 8, 8],
                "uv": [0, 0]
            }]
        }, {
            "name": "hat",
            "parent": "head",
            "pivot": [0, 78, 0],
            "cubes": [{
                "origin": [-4, 78, -4],
                "size": [8, 8, 8],
                "uv": [32, 0],
                "inflate": 0.5
            }]
        }, {
            "name": "leftArm",
            "parent": "body",
            "pivot": [5, 75.5, 0],
            "cubes": [{
                "origin": [4, 65.5, -2],
                "size": [3, 12, 4],
                "uv": [32, 48]
            }]
        }, {
            "name": "leftSleeve",
            "parent": "leftArm",
            "pivot": [5, 75.5, 0],
            "cubes": [{
                "origin": [4, 65.5, -2],
                "size": [3, 12, 4],
                "uv": [48, 48],
                "inflate": 0.25
            }]
        }, {
            "name": "leftItem",
            "parent": "leftArm",
            "pivot": [6, 68.5, 1]
        }, {
            "name": "rightArm",
            "parent": "body",
            "pivot": [-5, 75.5, 0],
            "cubes": [{
                "origin": [-7, 65.5, -2],
                "size": [3, 12, 4],
                "uv": [40, 16]
            }]
        }, {
            "name": "rightSleeve",
            "parent": "rightArm",
            "pivot": [-5, 75.5, 0],
            "cubes": [{
                "origin": [-7, 65.5, -2],
                "size": [3, 12, 4],
                "uv": [40, 32],
                "inflate": 0.25
            }]
        }, {
            "name": "rightItem",
            "parent": "rightArm",
            "pivot": [-6, 68.5, 1],
            "locators": {
                "lead_hold": [-6, 68.5, 1]
            }
        }, {
            "name": "jacket",
            "parent": "body",
            "pivot": [0, 78, 0],
            "cubes": [{
                "origin": [-4, 66, -2],
                "size": [8, 12, 4],
                "uv": [16, 32],
                "inflate": 0.25
            }]
        }, {
            "name": "cape",
            "parent": "body",
            "pivot": [0, 78, -3]
        }, {
            "name": "rightLeg",
            "parent": "root",
            "pivot": [-1.9, 66, 0],
            "cubes": [{
                "origin": [-3.9, 54, -2],
                "size": [4, 12, 4],
                "uv": [0, 16]
            }]
        }, {
            "name": "rightPants",
            "parent": "rightLeg",
            "pivot": [-1.9, 66, 0],
            "cubes": [{
                "origin": [-3.9, 54, -2],
                "size": [4, 12, 4],
                "uv": [0, 32],
                "inflate": 0.25
            }]
        }, {
            "name": "leftLeg",
            "parent": "root",
            "pivot": [1.9, 66, 0],
            "mirror": true,
            "cubes": [{
                "origin": [-0.1, 54, -2],
                "size": [4, 12, 4],
                "uv": [16, 48]
            }]
        }, {
            "name": "leftPants",
            "parent": "leftLeg",
            "pivot": [1.9, 66, 0],
            "cubes": [{
                "origin": [-0.1, 54, -2],
                "size": [4, 12, 4],
                "uv": [0, 48],
                "inflate": 0.25
            }]
        }]
    }
}