{
	"format_version": "1.12.0",
	"minecraft:geometry": [
		{
			"description": {
				"identifier": "geometry.blood",
				"texture_width": 16,
				"texture_height": 16,
				"visible_bounds_width": 3,
				"visible_bounds_height": 1.5,
				"visible_bounds_offset": [0, 0.25, 0]
			},
			"bones": [
				{
					"name": "blood",
					"pivot": [0, 0, 0],
					"cubes": [
						{
							"origin": [-16, -0.9, -16],
							"size": [32, 1, 32],
							"uv": {
								"north": {"uv": [24, 24], "uv_size": [24, 1]},
								"east": {"uv": [0, 24], "uv_size": [24, 1]},
								"south": {"uv": [72, 24], "uv_size": [24, 1]},
								"west": {"uv": [48, 24], "uv_size": [24, 1]},
								"up": {"uv": [0, 0], "uv_size": [16, 16]},
								"down": {"uv": [48, 24], "uv_size": [24, -24]}
							}
						}
					]
				}
			]
		}
	]
}