{
    "format_version": "1.12.0",
    "minecraft:geometry": [{
        "description": {
            "identifier": "geometry.custom_bed2",
            "texture_width": 256,
            "texture_height": 256,
            "visible_bounds_width": 4,
            "visible_bounds_height": 3.5,
            "visible_bounds_offset": [0, 1.25, 0]
        },
        "bones": [{
            "name": "custom_bed",
            "pivot": [0, 0, 0]
        }, {
            "name": "structure",
            "parent": "custom_bed",
            "pivot": [0, 0, 0],
            "cubes": [{
                "origin": [-5, 3, -5],
                "size": [10, 2, 26],
                "uv": [0, 29]
            }, {
                "origin": [-5, 5, -6],
                "size": [10, 1, 28],
                "uv": [0, 0]
            }, {
                "origin": [5, 5, -5],
                "size": [1, 1, 26],
                "uv": [78, 28]
            }, {
                "origin": [-6, 5, -5],
                "size": [1, 1, 26],
                "uv": [64, 61]
            }, {
                "origin": [-8, 3, -5],
                "size": [3, 2, 26],
                "uv": [32, 59]
            }, {
                "origin": [5, 3, -5],
                "size": [3, 2, 26],
                "uv": [0, 57]
            }, {
                "origin": [-5, 3, -8],
                "size": [10, 2, 3],
                "uv": [46, 46]
            }, {
                "origin": [-5, 6, 22],
                "size": [10, 1, 1],
                "uv": [48, 2]
            }, {
                "origin": [-5, 8, 22],
                "size": [10, 1, 1],
                "uv": [48, 0]
            }, {
                "origin": [-5, 7, -7],
                "size": [10, 1, 1],
                "uv": [0, 26]
            }, {
                "origin": [-5, 3, 21],
                "size": [10, 2, 3],
                "uv": [46, 41]
            }, {
                "origin": [5, 0, -8],
                "size": [3, 10, 3],
                "uv": [36, 87]
            }, {
                "origin": [5, 0, 21],
                "size": [3, 10, 3],
                "uv": [24, 87]
            }, {
                "origin": [-8, 0, 21],
                "size": [3, 10, 3],
                "uv": [12, 85]
            }, {
                "origin": [-8, 6, 9],
                "size": [1, 1, 12],
                "uv": [0, 42]
            }, {
                "origin": [7, 6, 9],
                "size": [1, 1, 12],
                "uv": [0, 13]
            }, {
                "origin": [-8, 8, 9],
                "size": [1, 1, 12],
                "uv": [0, 29]
            }, {
                "origin": [7, 8, 9],
                "size": [1, 1, 12],
                "uv": [0, 0]
            }, {
                "origin": [-8, 5, 8],
                "size": [1, 4, 1],
                "uv": [4, 0]
            }, {
                "origin": [7, 5, 8],
                "size": [1, 4, 1],
                "uv": [0, 0]
            }, {
                "origin": [-8, 0, -8],
                "size": [3, 10, 3],
                "uv": [0, 85]
            }, {
                "origin": [-4, 6, 15],
                "size": [8, 1, 6],
                "uv": [80, 0]
            }]
        }]
    }]
}