{
    "format_version": "1.12.0",
    "minecraft:geometry": [{
        "description": {
            "identifier": "geometry.sniper",
            "texture_width": 128,
            "texture_height": 128,
            "visible_bounds_width": 3,
            "visible_bounds_height": 3.5,
            "visible_bounds_offset": [0, 1.25, 0]
        },
        "bones": [{
            "name": "sniper",
            "pivot": [0, 0, 0]
        }, {
            "name": "base",
            "parent": "sniper",
            "pivot": [0, 0, 0],
            "cubes": [{
                "origin": [-8, 0, -4],
                "size": [16, 32, 1],
                "uv": [0, 30]
            }, {
                "origin": [7, 0, -8],
                "size": [1, 32, 4],
                "uv": [44, 30]
            }, {
                "origin": [-8, 0, -8],
                "size": [1, 32, 4],
                "uv": [34, 30]
            }, {
                "origin": [-9, 0, -9],
                "size": [1, 32, 1],
                "uv": [58, 30]
            }, {
                "origin": [8, 0, -9],
                "size": [1, 32, 1],
                "uv": [54, 30]
            }, {
                "origin": [-9, -1, -9],
                "size": [18, 1, 1],
                "uv": [34, 12]
            }, {
                "origin": [-8, 0, -8],
                "size": [16, 1, 4],
                "uv": [34, 5]
            }, {
                "origin": [-8, 31, -8],
                "size": [16, 1, 4],
                "uv": [34, 0]
            }, {
                "origin": [-9, 32, -9],
                "size": [18, 1, 1],
                "uv": [34, 10]
            }]
        }, {
            "name": "sniper2",
            "parent": "sniper",
            "pivot": [0, 16, -4],
            "rotation": [18.2489, 17.38772, -45],
            "cubes": [{
                "origin": [-2, 14, -27],
                "size": [4, 4, 26],
                "uv": [0, 0]
            }]
        }]
    }]
}