{
    "format_version": "1.12.0",
    "minecraft:geometry": [{
        "description": {
            "identifier": "geometry.step",
            "texture_width": 64,
            "texture_height": 64,
            "visible_bounds_width": 4,
            "visible_bounds_height": 3.5,
            "visible_bounds_offset": [0, 1.25, 0]
        },
        "bones": [{
            "name": "step",
            "pivot": [0, 0, 0]
        }, {
            "name": "structure",
            "parent": "step",
            "pivot": [0, 0, 0],
            "cubes": [{
                "origin": [-8, 4, -8],
                "size": [16, 4, 16],
                "uv": [0, 0]
            }]
        }]
    }]
}